{
    "navMeshDatas": [
        {
            "_center": {
                "x": 32.26806640625,
                "y": 47.516563415527347,
                "z": 93.1112060546875
            },
            "_size": {
                "x": 137.03399658203126,
                "y": 20.0,
                "z": 152.4635009765625
            },
            "_prefabPath": "Assets/MoleRes/Rel/SRes/Build/MapEditor/NavMesh/scene_40001/block_40001/navmesh000_agent0"
        }
    ]
}