{
    "_phaseList": [
        {
            "_time": 0.0590163916349411,
            "_type": 2,
            "_blend": 2,
            "_customData": 0,
            "_offPos": {
                "x": 0.00532124936580658,
                "y": -0.7460757493972778,
                "z": 0.27757129073143008
            },
            "_motionPos": {
                "x": 0.0,
                "y": 0.0,
                "z": 0.0697832703590393
            },
            "_extraTrajName": [],
            "_extraTrajPos": []
        }
    ],
    "_zoneList": [
        {
            "_timeSpan": {
                "x": 0.0,
                "y": 1.0833334922790528
            },
            "_name": "Move",
            "_nameHash": 0,
            "_beginMotionPos": {
                "x": 0.0,
                "y": 0.0,
                "z": 0.0
            },
            "_endMotionPos": {
                "x": 0.0,
                "y": 0.0,
                "z": 1.2756906747817994
            }
        },
        {
            "_timeSpan": {
                "x": 0.0,
                "y": 1.0833334922790528
            },
            "_name": "Walk",
            "_nameHash": 0,
            "_beginMotionPos": {
                "x": 0.0,
                "y": 0.0,
                "z": 0.0
            },
            "_endMotionPos": {
                "x": 0.0,
                "y": 0.0,
                "z": 1.2756906747817994
            }
        }
    ]
}