{
    "_phaseList": [
        {
            "_time": 0.18000000715255738,
            "_type": 2,
            "_blend": 0,
            "_customData": 0,
            "_offPos": {
                "x": 0.010174950584769249,
                "y": -0.705043613910675,
                "z": 0.3651524782180786
            },
            "_motionPos": {
                "x": 0.0,
                "y": 0.0,
                "z": 0.9726804494857788
            },
            "_extraTrajName": [],
            "_extraTrajPos": []
        },
        {
            "_time": 0.2670000195503235,
            "_type": 9,
            "_blend": 2,
            "_customData": 0,
            "_offPos": {
                "x": 0.033203624188899997,
                "y": -0.6796569228172302,
                "z": -0.059976816177368167
            },
            "_motionPos": {
                "x": 0.0,
                "y": 0.0,
                "z": 1.4428093433380128
            },
            "_extraTrajName": [],
            "_extraTrajPos": []
        },
        {
            "_time": 0.5139999985694885,
            "_type": 1,
            "_blend": 0,
            "_customData": 0,
            "_offPos": {
                "x": -0.017178591340780259,
                "y": -0.7073200941085815,
                "z": 0.3608894348144531
            },
            "_motionPos": {
                "x": 0.0,
                "y": 0.0,
                "z": 2.77754282951355
            },
            "_extraTrajName": [],
            "_extraTrajPos": []
        },
        {
            "_time": 0.5788135528564453,
            "_type": 8,
            "_blend": 2,
            "_customData": 0,
            "_offPos": {
                "x": -0.034817617386579517,
                "y": -0.6828457117080689,
                "z": 0.055389404296875
            },
            "_motionPos": {
                "x": 0.0,
                "y": 0.0,
                "z": 3.1277811527252199
            },
            "_extraTrajName": [],
            "_extraTrajPos": []
        }
    ],
    "_zoneList": [
        {
            "_timeSpan": {
                "x": 0.0,
                "y": 0.6666666865348816
            },
            "_name": "Steerable",
            "_nameHash": 0,
            "_beginMotionPos": {
                "x": 0.0,
                "y": 0.0,
                "z": 0.0
            },
            "_endMotionPos": {
                "x": 0.0,
                "y": 0.0,
                "z": 3.6025195121765138
            }
        },
        {
            "_timeSpan": {
                "x": 0.0,
                "y": 0.6666666865348816
            },
            "_name": "Run",
            "_nameHash": 0,
            "_beginMotionPos": {
                "x": 0.0,
                "y": 0.0,
                "z": 0.0
            },
            "_endMotionPos": {
                "x": 0.0,
                "y": 0.0,
                "z": 3.6025195121765138
            }
        },
        {
            "_timeSpan": {
                "x": 0.0,
                "y": 0.6666666865348816
            },
            "_name": "Move",
            "_nameHash": 0,
            "_beginMotionPos": {
                "x": 0.0,
                "y": 0.0,
                "z": 0.0
            },
            "_endMotionPos": {
                "x": 0.0,
                "y": 0.0,
                "z": 3.6025195121765138
            }
        },
        {
            "_timeSpan": {
                "x": 0.0,
                "y": 0.05699997767806053
            },
            "_name": "LeftJump",
            "_nameHash": 0,
            "_beginMotionPos": {
                "x": 0.0,
                "y": 0.0,
                "z": 0.0
            },
            "_endMotionPos": {
                "x": 0.0,
                "y": 0.0,
                "z": 0.3080153167247772
            }
        },
        {
            "_timeSpan": {
                "x": 0.0,
                "y": 0.0690000057220459
            },
            "_name": "ToIdleMirror",
            "_nameHash": 0,
            "_beginMotionPos": {
                "x": 0.0,
                "y": 0.0,
                "z": 0.0
            },
            "_endMotionPos": {
                "x": 0.0,
                "y": 0.0,
                "z": 0.3728608191013336
            }
        },
        {
            "_timeSpan": {
                "x": 0.07000001519918442,
                "y": 0.4009999930858612
            },
            "_name": "ToIdleNotMirror",
            "_nameHash": 0,
            "_beginMotionPos": {
                "x": 0.0,
                "y": 0.0,
                "z": 0.3782646358013153
            },
            "_endMotionPos": {
                "x": 0.0,
                "y": 0.0,
                "z": 2.1669158935546877
            }
        },
        {
            "_timeSpan": {
                "x": 0.18050846457481385,
                "y": 0.295244961977005
            },
            "_name": "RightFootHillIK",
            "_nameHash": 0,
            "_beginMotionPos": {
                "x": 0.0,
                "y": 0.0,
                "z": 0.97542804479599
            },
            "_endMotionPos": {
                "x": 0.0,
                "y": 0.0,
                "z": 1.5954389572143555
            }
        },
        {
            "_timeSpan": {
                "x": 0.4010000228881836,
                "y": 0.6666666865348816
            },
            "_name": "LeftJump",
            "_nameHash": 0,
            "_beginMotionPos": {
                "x": 0.0,
                "y": 0.0,
                "z": 2.1669161319732668
            },
            "_endMotionPos": {
                "x": 0.0,
                "y": 0.0,
                "z": 3.6025195121765138
            }
        },
        {
            "_timeSpan": {
                "x": 0.4020000100135803,
                "y": 0.6666666865348816
            },
            "_name": "ToIdleMirror",
            "_nameHash": 0,
            "_beginMotionPos": {
                "x": 0.0,
                "y": 0.0,
                "z": 2.1723198890686037
            },
            "_endMotionPos": {
                "x": 0.0,
                "y": 0.0,
                "z": 3.6025195121765138
            }
        },
        {
            "_timeSpan": {
                "x": 0.5137795805931091,
                "y": 0.6246151924133301
            },
            "_name": "LeftFootHillIK",
            "_nameHash": 0,
            "_beginMotionPos": {
                "x": 0.0,
                "y": 0.0,
                "z": 2.7763519287109377
            },
            "_endMotionPos": {
                "x": 0.0,
                "y": 0.0,
                "z": 3.3752827644348146
            }
        }
    ]
}