{
    "_phaseList": [
        {
            "_time": 0.026000000536441804,
            "_type": 2,
            "_blend": 0,
            "_customData": 0,
            "_offPos": {
                "x": -0.015361141413450241,
                "y": -0.8034451603889465,
                "z": 0.2793506681919098
            },
            "_motionPos": {
                "x": 0.0,
                "y": 0.0,
                "z": 0.030321722850203515
            },
            "_extraTrajName": [],
            "_extraTrajPos": []
        },
        {
            "_time": 0.3073446452617645,
            "_type": 9,
            "_blend": 0,
            "_customData": 0,
            "_offPos": {
                "x": -0.012436529621481896,
                "y": -0.8577774167060852,
                "z": -0.08489376306533814
            },
            "_motionPos": {
                "x": 0.0,
                "y": 0.0,
                "z": 0.3584313690662384
            },
            "_extraTrajName": [],
            "_extraTrajPos": []
        },
        {
            "_time": 0.6861972212791443,
            "_type": 1,
            "_blend": 0,
            "_customData": 0,
            "_offPos": {
                "x": 0.015475434251129628,
                "y": -0.8100666999816895,
                "z": 0.2613217830657959
            },
            "_motionPos": {
                "x": 0.0,
                "y": 0.0,
                "z": 0.8002566695213318
            },
            "_extraTrajName": [],
            "_extraTrajPos": []
        },
        {
            "_time": 0.9649717807769775,
            "_type": 8,
            "_blend": 0,
            "_customData": 0,
            "_offPos": {
                "x": 0.006805384531617165,
                "y": -0.8575177192687988,
                "z": -0.09170520305633545
            },
            "_motionPos": {
                "x": 0.0,
                "y": 0.0,
                "z": 1.1253693103790284
            },
            "_extraTrajName": [],
            "_extraTrajPos": []
        }
    ],
    "_zoneList": [
        {
            "_timeSpan": {
                "x": 0.0,
                "y": 1.3333334922790528
            },
            "_name": "Move",
            "_nameHash": 0,
            "_beginMotionPos": {
                "x": 0.0,
                "y": 0.0,
                "z": 0.0
            },
            "_endMotionPos": {
                "x": 0.0,
                "y": 0.0,
                "z": 1.5549604892730713
            }
        },
        {
            "_timeSpan": {
                "x": 0.0,
                "y": 0.12299990653991699
            },
            "_name": "RunbsMirror",
            "_nameHash": 0,
            "_beginMotionPos": {
                "x": 0.0,
                "y": 0.0,
                "z": 0.0
            },
            "_endMotionPos": {
                "x": 0.0,
                "y": 0.0,
                "z": 0.1434449404478073
            }
        },
        {
            "_timeSpan": {
                "x": 0.0,
                "y": 0.3333333730697632
            },
            "_name": "WalkStopRightWeapon1",
            "_nameHash": 0,
            "_beginMotionPos": {
                "x": 0.0,
                "y": 0.0,
                "z": 0.0
            },
            "_endMotionPos": {
                "x": 0.0,
                "y": 0.0,
                "z": 0.3887399435043335
            }
        },
        {
            "_timeSpan": {
                "x": 0.025000015273690225,
                "y": 0.5737646222114563
            },
            "_name": "RightFootHillIK",
            "_nameHash": 0,
            "_beginMotionPos": {
                "x": 0.0,
                "y": 0.0,
                "z": 0.029155518859624864
            },
            "_endMotionPos": {
                "x": 0.0,
                "y": 0.0,
                "z": 0.669135570526123
            }
        },
        {
            "_timeSpan": {
                "x": 0.12299995869398117,
                "y": 0.7860000729560852
            },
            "_name": "Runbs",
            "_nameHash": 0,
            "_beginMotionPos": {
                "x": 0.0,
                "y": 0.0,
                "z": 0.1434450000524521
            },
            "_endMotionPos": {
                "x": 0.0,
                "y": 0.0,
                "z": 0.916648805141449
            }
        },
        {
            "_timeSpan": {
                "x": 0.3333333730697632,
                "y": 0.6666667461395264
            },
            "_name": "WalkStopRightWeapon",
            "_nameHash": 0,
            "_beginMotionPos": {
                "x": 0.0,
                "y": 0.0,
                "z": 0.3887399435043335
            },
            "_endMotionPos": {
                "x": 0.0,
                "y": 0.0,
                "z": 0.7774798274040222
            }
        },
        {
            "_timeSpan": {
                "x": 0.6666667461395264,
                "y": 1.0000001192092896
            },
            "_name": "WalkStopLeftWeapon1",
            "_nameHash": 0,
            "_beginMotionPos": {
                "x": 0.0,
                "y": 0.0,
                "z": 0.7774798274040222
            },
            "_endMotionPos": {
                "x": 0.0,
                "y": 0.0,
                "z": 1.1662200689315797
            }
        },
        {
            "_timeSpan": {
                "x": 0.6750000715255737,
                "y": 1.3333334922790528
            },
            "_name": "LeftJump",
            "_nameHash": 0,
            "_beginMotionPos": {
                "x": 0.0,
                "y": 0.0,
                "z": 0.7871983051300049
            },
            "_endMotionPos": {
                "x": 0.0,
                "y": 0.0,
                "z": 1.5549604892730713
            }
        },
        {
            "_timeSpan": {
                "x": 0.6860001087188721,
                "y": 1.2401177883148194
            },
            "_name": "LeftFootHillIK",
            "_nameHash": 0,
            "_beginMotionPos": {
                "x": 0.0,
                "y": 0.0,
                "z": 0.8000267744064331
            },
            "_endMotionPos": {
                "x": 0.0,
                "y": 0.0,
                "z": 1.4462504386901856
            }
        },
        {
            "_timeSpan": {
                "x": 0.7870001196861267,
                "y": 1.3333334922790528
            },
            "_name": "RunbsMirror",
            "_nameHash": 0,
            "_beginMotionPos": {
                "x": 0.0,
                "y": 0.0,
                "z": 0.9178150296211243
            },
            "_endMotionPos": {
                "x": 0.0,
                "y": 0.0,
                "z": 1.5549604892730713
            }
        },
        {
            "_timeSpan": {
                "x": 1.0000001192092896,
                "y": 1.3466668128967286
            },
            "_name": "WalkStopLeftWeapon",
            "_nameHash": 0,
            "_beginMotionPos": {
                "x": 0.0,
                "y": 0.0,
                "z": 1.1662200689315797
            },
            "_endMotionPos": {
                "x": 0.0,
                "y": 0.0,
                "z": 1.5549604892730713
            }
        }
    ]
}