{
    "_phaseList": [
        {
            "_time": 0.4458666741847992,
            "_type": 1,
            "_blend": 0,
            "_customData": 0,
            "_offPos": {
                "x": 0.020260637626051904,
                "y": -0.7432050704956055,
                "z": 0.3681621551513672
            },
            "_motionPos": {
                "x": 0.0,
                "y": 0.0,
                "z": 2.3435604572296144
            },
            "_extraTrajName": [],
            "_extraTrajPos": []
        },
        {
            "_time": 0.5570622086524963,
            "_type": 8,
            "_blend": 0,
            "_customData": 0,
            "_offPos": {
                "x": 0.012365145608782769,
                "y": -0.6844027042388916,
                "z": -0.24596071243286134
            },
            "_motionPos": {
                "x": 0.0,
                "y": 0.0,
                "z": 2.9673197269439699
            },
            "_extraTrajName": [],
            "_extraTrajPos": []
        },
        {
            "_time": 0.7765334248542786,
            "_type": 2,
            "_blend": 0,
            "_customData": 0,
            "_offPos": {
                "x": -0.02045181207358837,
                "y": -0.7576768398284912,
                "z": 0.36484432220458987
            },
            "_motionPos": {
                "x": 0.0,
                "y": 0.0,
                "z": 4.147521018981934
            },
            "_extraTrajName": [],
            "_extraTrajPos": []
        },
        {
            "_time": 0.8810666799545288,
            "_type": 9,
            "_blend": 0,
            "_customData": 0,
            "_offPos": {
                "x": -0.019948337227106096,
                "y": -0.6897275447845459,
                "z": -0.19246387481689454
            },
            "_motionPos": {
                "x": 0.0,
                "y": 0.0,
                "z": 4.697335243225098
            },
            "_extraTrajName": [],
            "_extraTrajPos": []
        }
    ],
    "_zoneList": [
        {
            "_timeSpan": {
                "x": 0.0,
                "y": 1.0666667222976685
            },
            "_name": "Move",
            "_nameHash": 0,
            "_beginMotionPos": {
                "x": 0.0,
                "y": 0.0,
                "z": 0.0
            },
            "_endMotionPos": {
                "x": 0.0,
                "y": 0.0,
                "z": 5.675361156463623
            }
        },
        {
            "_timeSpan": {
                "x": 0.0,
                "y": 1.0666667222976685
            },
            "_name": "Run",
            "_nameHash": 0,
            "_beginMotionPos": {
                "x": 0.0,
                "y": 0.0,
                "z": 0.0
            },
            "_endMotionPos": {
                "x": 0.0,
                "y": 0.0,
                "z": 5.675361156463623
            }
        },
        {
            "_timeSpan": {
                "x": 0.20904874801635743,
                "y": 0.5400487184524536
            },
            "_name": "LeftJump",
            "_nameHash": 0,
            "_beginMotionPos": {
                "x": 0.0,
                "y": 0.0,
                "z": 1.0068963766098023
            },
            "_endMotionPos": {
                "x": 0.0,
                "y": 0.0,
                "z": 2.873297691345215
            }
        },
        {
            "_timeSpan": {
                "x": 0.7950482368469238,
                "y": 0.8672553300857544
            },
            "_name": "LeftJump",
            "_nameHash": 0,
            "_beginMotionPos": {
                "x": 0.0,
                "y": 0.0,
                "z": 4.245186805725098
            },
            "_endMotionPos": {
                "x": 0.0,
                "y": 0.0,
                "z": 4.624843597412109
            }
        }
    ]
}