{
    "_phaseList": [
        {
            "_time": 0.16575002670288087,
            "_type": 2,
            "_blend": 2,
            "_customData": 0,
            "_offPos": {
                "x": -0.009803920984268189,
                "y": -0.7652382850646973,
                "z": 0.3333246111869812
            },
            "_motionPos": {
                "x": -1.8386501210443386e-8,
                "y": -1.4703541495464379e-8,
                "z": 0.8535457253456116
            },
            "_extraTrajName": [],
            "_extraTrajPos": []
        },
        {
            "_time": 0.5059167742729187,
            "_type": 1,
            "_blend": 2,
            "_customData": 0,
            "_offPos": {
                "x": 0.021181337535381318,
                "y": -0.7637195587158203,
                "z": 0.3417091369628906
            },
            "_motionPos": {
                "x": -5.612089282180932e-8,
                "y": -4.487943527919924e-8,
                "z": 2.605266571044922
            },
            "_extraTrajName": [],
            "_extraTrajPos": []
        }
    ],
    "_zoneList": [
        {
            "_timeSpan": {
                "x": 0.0,
                "y": 1.100000023841858
            },
            "_name": "Move",
            "_nameHash": 0,
            "_beginMotionPos": {
                "x": 0.0,
                "y": 0.0,
                "z": 0.0
            },
            "_endMotionPos": {
                "x": -7.076644692460832e-8,
                "y": -6.232567528741129e-8,
                "z": 5.72002649307251
            }
        },
        {
            "_timeSpan": {
                "x": 0.0,
                "y": 1.100000023841858
            },
            "_name": "Run",
            "_nameHash": 0,
            "_beginMotionPos": {
                "x": 0.0,
                "y": 0.0,
                "z": 0.0
            },
            "_endMotionPos": {
                "x": -7.076644692460832e-8,
                "y": -6.232567528741129e-8,
                "z": 5.72002649307251
            }
        }
    ]
}