{
    "_phaseList": [
        {
            "_time": 0.1133333370089531,
            "_type": 2,
            "_blend": 0,
            "_customData": 0,
            "_offPos": {
                "x": 0.2208666056394577,
                "y": -0.5459285974502564,
                "z": 0.2601560354232788
            },
            "_motionPos": {
                "x": -2.4825082434176694e-8,
                "y": -5.261566293768283e-9,
                "z": 0.5944941639900208
            },
            "_extraTrajName": [],
            "_extraTrajPos": []
        },
        {
            "_time": 0.4050000011920929,
            "_type": 1,
            "_blend": 0,
            "_customData": 0,
            "_offPos": {
                "x": -0.202794149518013,
                "y": -0.6748080253601074,
                "z": 0.30996012687683108
            },
            "_motionPos": {
                "x": -8.876835266846683e-8,
                "y": -1.8815484281731189e-8,
                "z": 2.1244421005249025
            },
            "_extraTrajName": [],
            "_extraTrajPos": []
        },
        {
            "_time": 0.7135000228881836,
            "_type": 2,
            "_blend": 0,
            "_customData": 0,
            "_offPos": {
                "x": -0.020294956862926484,
                "y": -0.7689576745033264,
                "z": 0.310091495513916
            },
            "_motionPos": {
                "x": -6.603916347103223e-8,
                "y": -6.587715972727892e-8,
                "z": 3.717381000518799
            },
            "_extraTrajName": [],
            "_extraTrajPos": []
        }
    ],
    "_zoneList": [
        {
            "_timeSpan": {
                "x": 0.0,
                "y": 1.033333420753479
            },
            "_name": "Move",
            "_nameHash": 0,
            "_beginMotionPos": {
                "x": 0.0,
                "y": 0.0,
                "z": 0.0
            },
            "_endMotionPos": {
                "x": -6.595759316496697e-8,
                "y": -6.595759316496697e-8,
                "z": 5.4147491455078129
            }
        },
        {
            "_timeSpan": {
                "x": 0.06199997663497925,
                "y": 1.033333420753479
            },
            "_name": "Run",
            "_nameHash": 0,
            "_beginMotionPos": {
                "x": -1.2909810997996374e-8,
                "y": -3.2298757002280355e-9,
                "z": 0.3252231478691101
            },
            "_endMotionPos": {
                "x": -6.595759316496697e-8,
                "y": -6.595759316496697e-8,
                "z": 5.4147491455078129
            }
        },
        {
            "_timeSpan": {
                "x": 0.27900001406669619,
                "y": 0.7956667542457581
            },
            "_name": "LeftJump",
            "_nameHash": 0,
            "_beginMotionPos": {
                "x": -6.469667823694181e-8,
                "y": -1.1080826034515212e-8,
                "z": 1.463504672050476
            },
            "_endMotionPos": {
                "x": -6.595759316496697e-8,
                "y": -6.611517733290384e-8,
                "z": 4.140318870544434
            }
        }
    ]
}