{
    "navMeshDatas": [
        {
            "_center": {
                "x": -0.3870582580566406,
                "y": -6.399999618530273,
                "z": 2.5807037353515627
            },
            "_size": {
                "x": 59.221160888671878,
                "y": 20.0,
                "z": 97.12922668457031
            },
            "_prefabPath": "Assets/MoleRes/Rel/SRes/Build/MapEditor/NavMesh/scene_1005/block_1005/navmesh000_agent0"
        }
    ]
}