{
    "_phaseList": [
        {
            "_time": 0.5400000214576721,
            "_type": 8,
            "_blend": 0,
            "_customData": 0,
            "_offPos": {
                "x": -0.09651041030883789,
                "y": -0.6866782903671265,
                "z": -0.286501407623291
            },
            "_motionPos": {
                "x": 1.1286850565284112e-7,
                "y": -1.1286850565284112e-7,
                "z": 2.3097083568573
            },
            "_extraTrajName": [],
            "_extraTrajPos": []
        },
        {
            "_time": 0.8332015872001648,
            "_type": 9,
            "_blend": 0,
            "_customData": 0,
            "_offPos": {
                "x": -0.007756308652460575,
                "y": -0.7175019979476929,
                "z": -0.051320552825927737
            },
            "_motionPos": {
                "x": 1.831013207720389e-7,
                "y": -1.831013207720389e-7,
                "z": 3.7867674827575685
            },
            "_extraTrajName": [],
            "_extraTrajPos": []
        }
    ],
    "_zoneList": [
        {
            "_timeSpan": {
                "x": 0.0,
                "y": 1.0666667222976685
            },
            "_name": "Run",
            "_nameHash": 0,
            "_beginMotionPos": {
                "x": 0.0,
                "y": 0.0,
                "z": 0.0
            },
            "_endMotionPos": {
                "x": 2.388778455042484e-7,
                "y": -2.388778455042484e-7,
                "z": 5.024763107299805
            }
        },
        {
            "_timeSpan": {
                "x": 0.0,
                "y": 1.0666667222976685
            },
            "_name": "Move",
            "_nameHash": 0,
            "_beginMotionPos": {
                "x": 0.0,
                "y": 0.0,
                "z": 0.0
            },
            "_endMotionPos": {
                "x": 2.388778455042484e-7,
                "y": -2.388778455042484e-7,
                "z": 5.024763107299805
            }
        },
        {
            "_timeSpan": {
                "x": 0.3400000333786011,
                "y": 0.6710000038146973
            },
            "_name": "LeftJump",
            "_nameHash": 0,
            "_beginMotionPos": {
                "x": 6.647720596220097e-8,
                "y": -6.647720596220097e-8,
                "z": 1.311232328414917
            },
            "_endMotionPos": {
                "x": 1.4407690684947739e-7,
                "y": -1.4407690684947739e-7,
                "z": 2.9457364082336427
            }
        },
        {
            "_timeSpan": {
                "x": 0.9810002446174622,
                "y": 1.0460001230239869
            },
            "_name": "LeftJump",
            "_nameHash": 0,
            "_beginMotionPos": {
                "x": 2.1846939546321665e-7,
                "y": -2.1846939546321665e-7,
                "z": 4.562580108642578
            },
            "_endMotionPos": {
                "x": 2.339544238338931e-7,
                "y": -2.339544238338931e-7,
                "z": 4.91528844833374
            }
        }
    ]
}