{
    "_phaseList": [
        {
            "_time": 0.6721029877662659,
            "_type": 2,
            "_blend": 0,
            "_customData": 0,
            "_offPos": {
                "x": 0.04626661166548729,
                "y": -0.6647130846977234,
                "z": 0.35392189025878909
            },
            "_motionPos": {
                "x": 0.0,
                "y": 0.0,
                "z": 3.732954263687134
            },
            "_extraTrajName": [],
            "_extraTrajPos": []
        },
        {
            "_time": 0.7596566677093506,
            "_type": 9,
            "_blend": 0,
            "_customData": 0,
            "_offPos": {
                "x": 0.05302821844816208,
                "y": -0.6589093804359436,
                "z": -0.07370424270629883
            },
            "_motionPos": {
                "x": 0.0,
                "y": 0.0,
                "z": 4.219078063964844
            },
            "_extraTrajName": [],
            "_extraTrajPos": []
        },
        {
            "_time": 0.9948498010635376,
            "_type": 8,
            "_blend": 0,
            "_customData": 0,
            "_offPos": {
                "x": -0.013192446902394295,
                "y": -0.6777559518814087,
                "z": 0.36880970001220705
            },
            "_motionPos": {
                "x": 0.0,
                "y": 0.0,
                "z": 5.519844055175781
            },
            "_extraTrajName": [],
            "_extraTrajPos": []
        }
    ],
    "_zoneList": [
        {
            "_timeSpan": {
                "x": 0.48499995470046999,
                "y": 1.1000001430511475
            },
            "_name": "Run",
            "_nameHash": 0,
            "_beginMotionPos": {
                "x": 0.0,
                "y": 0.0,
                "z": 2.760775089263916
            },
            "_endMotionPos": {
                "x": 0.0,
                "y": 0.0,
                "z": 5.617344856262207
            }
        },
        {
            "_timeSpan": {
                "x": 0.5693333745002747,
                "y": 0.8743334412574768
            },
            "_name": "LeftJump",
            "_nameHash": 0,
            "_beginMotionPos": {
                "x": 0.0,
                "y": 0.0,
                "z": 3.1600234508514406
            },
            "_endMotionPos": {
                "x": 0.0,
                "y": 0.0,
                "z": 4.8539018630981449
            }
        }
    ]
}