{
    "_phaseList": [
        {
            "_time": 0.026000000536441804,
            "_type": 2,
            "_blend": 0,
            "_customData": 0,
            "_offPos": {
                "x": 0.03897850960493088,
                "y": -0.7452706694602966,
                "z": 0.2765686511993408
            },
            "_motionPos": {
                "x": 0.0,
                "y": 0.0,
                "z": 0.03464716300368309
            },
            "_extraTrajName": [],
            "_extraTrajPos": []
        },
        {
            "_time": 0.28285714983940127,
            "_type": 9,
            "_blend": 0,
            "_customData": 0,
            "_offPos": {
                "x": 0.02687625214457512,
                "y": -0.7891843914985657,
                "z": -0.023756563663482667
            },
            "_motionPos": {
                "x": 0.0,
                "y": 0.0,
                "z": 0.37693074345588686
            },
            "_extraTrajName": [],
            "_extraTrajPos": []
        },
        {
            "_time": 0.5671428442001343,
            "_type": 1,
            "_blend": 0,
            "_customData": 0,
            "_offPos": {
                "x": -0.04048676788806915,
                "y": -0.7445605993270874,
                "z": 0.278969407081604
            },
            "_motionPos": {
                "x": 0.0,
                "y": 0.0,
                "z": 0.7557650804519653
            },
            "_extraTrajName": [],
            "_extraTrajPos": []
        },
        {
            "_time": 0.8442857265472412,
            "_type": 8,
            "_blend": 0,
            "_customData": 0,
            "_offPos": {
                "x": -0.02307567372918129,
                "y": -0.7880083918571472,
                "z": -0.02786421775817871
            },
            "_motionPos": {
                "x": 0.0,
                "y": 0.0,
                "z": 1.1250810623168946
            },
            "_extraTrajName": [],
            "_extraTrajPos": []
        }
    ],
    "_zoneList": [
        {
            "_timeSpan": {
                "x": -0.010999999940395356,
                "y": 0.2750000059604645
            },
            "_name": "WalkStopRightWeapon1",
            "_nameHash": 0,
            "_beginMotionPos": {
                "x": 0.0,
                "y": 0.0,
                "z": 0.0
            },
            "_endMotionPos": {
                "x": 0.0,
                "y": 0.0,
                "z": 0.3664604425430298
            }
        },
        {
            "_timeSpan": {
                "x": 0.0,
                "y": 1.100000023841858
            },
            "_name": "Walk",
            "_nameHash": 0,
            "_beginMotionPos": {
                "x": 0.0,
                "y": 0.0,
                "z": 0.0
            },
            "_endMotionPos": {
                "x": 0.0,
                "y": 0.0,
                "z": 1.4658420085906983
            }
        },
        {
            "_timeSpan": {
                "x": 0.0,
                "y": 0.07699999958276749
            },
            "_name": "Runbs",
            "_nameHash": 0,
            "_beginMotionPos": {
                "x": 0.0,
                "y": 0.0,
                "z": 0.0
            },
            "_endMotionPos": {
                "x": 0.0,
                "y": 0.0,
                "z": 0.10260891169309616
            }
        },
        {
            "_timeSpan": {
                "x": 0.01979999989271164,
                "y": 0.527999997138977
            },
            "_name": "RightFootHillIK",
            "_nameHash": 0,
            "_beginMotionPos": {
                "x": 0.0,
                "y": 0.0,
                "z": 0.026385147124528886
            },
            "_endMotionPos": {
                "x": 0.0,
                "y": 0.0,
                "z": 0.703603982925415
            }
        },
        {
            "_timeSpan": {
                "x": 0.04399999976158142,
                "y": 0.5940000414848328
            },
            "_name": "LeftJump",
            "_nameHash": 0,
            "_beginMotionPos": {
                "x": 0.0,
                "y": 0.0,
                "z": 0.05863365903496742
            },
            "_endMotionPos": {
                "x": 0.0,
                "y": 0.0,
                "z": 0.7915545105934143
            }
        },
        {
            "_timeSpan": {
                "x": 0.07699999958276749,
                "y": 0.6270000338554382
            },
            "_name": "RunbsMirror",
            "_nameHash": 0,
            "_beginMotionPos": {
                "x": 0.0,
                "y": 0.0,
                "z": 0.10260891169309616
            },
            "_endMotionPos": {
                "x": 0.0,
                "y": 0.0,
                "z": 0.8355298042297363
            }
        },
        {
            "_timeSpan": {
                "x": 0.2750000059604645,
                "y": 0.550000011920929
            },
            "_name": "WalkStopRightWeapon",
            "_nameHash": 0,
            "_beginMotionPos": {
                "x": 0.0,
                "y": 0.0,
                "z": 0.3664604425430298
            },
            "_endMotionPos": {
                "x": 0.0,
                "y": 0.0,
                "z": 0.7329208254814148
            }
        },
        {
            "_timeSpan": {
                "x": 0.550000011920929,
                "y": 0.8250000476837158
            },
            "_name": "WalkStopLeftWeapon1",
            "_nameHash": 0,
            "_beginMotionPos": {
                "x": 0.0,
                "y": 0.0,
                "z": 0.7329208254814148
            },
            "_endMotionPos": {
                "x": 0.0,
                "y": 0.0,
                "z": 1.0993810892105103
            }
        },
        {
            "_timeSpan": {
                "x": 0.5698000192642212,
                "y": 1.0780000686645508
            },
            "_name": "LeftFootHillIK",
            "_nameHash": 0,
            "_beginMotionPos": {
                "x": 0.0,
                "y": 0.0,
                "z": 0.759306013584137
            },
            "_endMotionPos": {
                "x": 0.0,
                "y": 0.0,
                "z": 1.4365251064300538
            }
        },
        {
            "_timeSpan": {
                "x": 0.6270000338554382,
                "y": 1.100000023841858
            },
            "_name": "Runbs",
            "_nameHash": 0,
            "_beginMotionPos": {
                "x": 0.0,
                "y": 0.0,
                "z": 0.8355298042297363
            },
            "_endMotionPos": {
                "x": 0.0,
                "y": 0.0,
                "z": 1.4658420085906983
            }
        },
        {
            "_timeSpan": {
                "x": 0.8250000476837158,
                "y": 1.1110000610351563
            },
            "_name": "WalkStopLeftWeapon",
            "_nameHash": 0,
            "_beginMotionPos": {
                "x": 0.0,
                "y": 0.0,
                "z": 1.0993810892105103
            },
            "_endMotionPos": {
                "x": 0.0,
                "y": 0.0,
                "z": 1.4658420085906983
            }
        }
    ]
}