{
    "_phaseList": [
        {
            "_time": 0.1287553608417511,
            "_type": 2,
            "_blend": 0,
            "_customData": 0,
            "_offPos": {
                "x": 0.2378634661436081,
                "y": -0.5176621675491333,
                "z": 0.057570040225982669
            },
            "_motionPos": {
                "x": 0.0,
                "y": 0.0,
                "z": 0.8926427960395813
            },
            "_extraTrajName": [],
            "_extraTrajPos": []
        },
        {
            "_time": 0.31502145528793337,
            "_type": 1,
            "_blend": 0,
            "_customData": 0,
            "_offPos": {
                "x": -0.1743321269750595,
                "y": -0.6155881285667419,
                "z": 0.3837733268737793
            },
            "_motionPos": {
                "x": 0.0,
                "y": 0.0,
                "z": 1.7757608890533448
            },
            "_extraTrajName": [],
            "_extraTrajPos": []
        },
        {
            "_time": 0.6940000057220459,
            "_type": 2,
            "_blend": 0,
            "_customData": 0,
            "_offPos": {
                "x": -0.0029953019693493845,
                "y": -0.6841446161270142,
                "z": 0.3679196834564209
            },
            "_motionPos": {
                "x": 0.0,
                "y": 0.0,
                "z": 3.9318273067474367
            },
            "_extraTrajName": [],
            "_extraTrajPos": []
        }
    ],
    "_zoneList": [
        {
            "_timeSpan": {
                "x": -0.003999993205070496,
                "y": 0.09999997913837433
            },
            "_name": "LeftJump",
            "_nameHash": 0,
            "_beginMotionPos": {
                "x": 0.0,
                "y": 0.0,
                "z": 0.0
            },
            "_endMotionPos": {
                "x": 0.0,
                "y": 0.0,
                "z": 0.7582734823226929
            }
        },
        {
            "_timeSpan": {
                "x": 0.06199997663497925,
                "y": 1.033333420753479
            },
            "_name": "Run",
            "_nameHash": 0,
            "_beginMotionPos": {
                "x": 0.0,
                "y": 0.0,
                "z": 0.5763618350028992
            },
            "_endMotionPos": {
                "x": 0.0,
                "y": 0.0,
                "z": 5.797632217407227
            }
        },
        {
            "_timeSpan": {
                "x": 0.3140000104904175,
                "y": 0.703000009059906
            },
            "_name": "LeftJump",
            "_nameHash": 0,
            "_beginMotionPos": {
                "x": 0.0,
                "y": 0.0,
                "z": 1.7706292867660523
            },
            "_endMotionPos": {
                "x": 0.0,
                "y": 0.0,
                "z": 3.98390531539917
            }
        }
    ]
}