{
    "_phaseList": [
        {
            "_time": 0.39330002665519717,
            "_type": 1,
            "_blend": 1,
            "_customData": 0,
            "_offPos": {
                "x": -0.023019840940833093,
                "y": -0.7339661717414856,
                "z": 0.27985095977783205
            },
            "_motionPos": {
                "x": -4.72740779855485e-9,
                "y": -1.5274359554950934e-9,
                "z": 2.76975154876709
            },
            "_extraTrajName": [],
            "_extraTrajPos": []
        },
        {
            "_time": 0.5877333879470825,
            "_type": 2,
            "_blend": 1,
            "_customData": 0,
            "_offPos": {
                "x": 0.050968486815690997,
                "y": -0.7002209424972534,
                "z": 0.3268108367919922
            },
            "_motionPos": {
                "x": 4.2927084109578575e-10,
                "y": -8.237677207034722e-11,
                "z": 4.18507194519043
            },
            "_extraTrajName": [],
            "_extraTrajPos": []
        }
    ],
    "_zoneList": [
        {
            "_timeSpan": {
                "x": 0.0,
                "y": 0.6333333849906921
            },
            "_name": "Sprint",
            "_nameHash": 0,
            "_beginMotionPos": {
                "x": 0.0,
                "y": 0.0,
                "z": 0.0
            },
            "_endMotionPos": {
                "x": 7.212683783563989e-10,
                "y": 0.0,
                "z": 4.4695539474487309
            }
        },
        {
            "_timeSpan": {
                "x": 0.0,
                "y": 0.6333333849906921
            },
            "_name": "Move",
            "_nameHash": 0,
            "_beginMotionPos": {
                "x": 0.0,
                "y": 0.0,
                "z": 0.0
            },
            "_endMotionPos": {
                "x": 7.212683783563989e-10,
                "y": 0.0,
                "z": 4.4695539474487309
            }
        }
    ]
}