{
    "_phaseList": [
        {
            "_time": 0.0590163916349411,
            "_type": 2,
            "_blend": 2,
            "_customData": 0,
            "_offPos": {
                "x": 0.03502538427710533,
                "y": -0.7515152096748352,
                "z": 0.23496654629707337
            },
            "_motionPos": {
                "x": 0.0,
                "y": 0.0,
                "z": 0.07828078418970108
            },
            "_extraTrajName": [],
            "_extraTrajPos": []
        }
    ],
    "_zoneList": [
        {
            "_timeSpan": {
                "x": 0.0,
                "y": 1.0833334922790528
            },
            "_name": "Walk",
            "_nameHash": 0,
            "_beginMotionPos": {
                "x": 0.0,
                "y": 0.0,
                "z": 0.0
            },
            "_endMotionPos": {
                "x": 0.0,
                "y": 0.0,
                "z": 1.4369601011276246
            }
        },
        {
            "_timeSpan": {
                "x": 0.03850000351667404,
                "y": 0.4785000681877136
            },
            "_name": "RightFootHillIK",
            "_nameHash": 0,
            "_beginMotionPos": {
                "x": 0.0,
                "y": 0.0,
                "z": 0.05106734856963158
            },
            "_endMotionPos": {
                "x": 0.0,
                "y": 0.0,
                "z": 0.6346943378448486
            }
        },
        {
            "_timeSpan": {
                "x": 0.5885000824928284,
                "y": 1.0285000801086426
            },
            "_name": "LeftFootHillIK",
            "_nameHash": 0,
            "_beginMotionPos": {
                "x": 0.0,
                "y": 0.0,
                "z": 0.7806009650230408
            },
            "_endMotionPos": {
                "x": 0.0,
                "y": 0.0,
                "z": 1.3642276525497437
            }
        }
    ]
}