{
    "_phaseList": [],
    "_zoneList": [
        {
            "_timeSpan": {
                "x": 0.0,
                "y": 1.1000001430511475
            },
            "_name": "Walk",
            "_nameHash": 0,
            "_beginMotionPos": {
                "x": 0.0,
                "y": 0.0,
                "z": 0.0
            },
            "_endMotionPos": {
                "x": 0.0,
                "y": 0.0,
                "z": 1.4525164365768433
            }
        },
        {
            "_timeSpan": {
                "x": 0.03850000351667404,
                "y": 0.4785000681877136
            },
            "_name": "RightFootHillIK",
            "_nameHash": 0,
            "_beginMotionPos": {
                "x": 0.0,
                "y": 0.0,
                "z": 0.05106770992279053
            },
            "_endMotionPos": {
                "x": 0.0,
                "y": 0.0,
                "z": 0.6346949338912964
            }
        },
        {
            "_timeSpan": {
                "x": 0.5885000824928284,
                "y": 1.0285000801086426
            },
            "_name": "LeftFootHillIK",
            "_nameHash": 0,
            "_beginMotionPos": {
                "x": 0.0,
                "y": 0.0,
                "z": 0.7806013822555542
            },
            "_endMotionPos": {
                "x": 0.0,
                "y": 0.0,
                "z": 1.3642276525497437
            }
        }
    ]
}