{"navMeshDatas":[{"_center":{"x":54.138668060302737,"y":3.1918563842773439,"z":50.16918182373047},"_size":{"x":140.17977905273438,"y":84.95571899414063,"z":146.8036346435547},"_prefabPath":"Assets/MoleRes/Rel/SRes/Build/MapEditor/NavMesh/scene 20004/block -1/navmesh000_agent0"}]}