{"navMeshDatas":[{"_center":{"x":44.554691314697269,"y":3.191852569580078,"z":40.050445556640628},"_size":{"x":121.01182556152344,"y":84.9557113647461,"z":126.566162109375},"_prefabPath":"Assets/MoleRes/Rel/SRes/Build/MapEditor/NavMesh/scene_20004/block_20004/navmesh000_agent0"}]}