{
    "navMeshDatas": [
        {
            "_center": {
                "x": 1.9371185302734376,
                "y": 39.31635284423828,
                "z": 29.938087463378908
            },
            "_size": {
                "x": 77.6470947265625,
                "y": 20.0,
                "z": 250.22972106933595
            },
            "_prefabPath": "Assets/MoleRes/Rel/SRes/Build/MapEditor/NavMesh/scene_20019/block_20019/navmesh000_agent0"
        }
    ]
}