{
    "_phaseList": [
        {
            "_time": 0.026000000536441804,
            "_type": 2,
            "_blend": 0,
            "_customData": 0,
            "_offPos": {
                "x": -0.015439711511135102,
                "y": -0.8039095997810364,
                "z": 0.2773871123790741
            },
            "_motionPos": {
                "x": 0.0,
                "y": 0.0,
                "z": 0.030321722850203515
            },
            "_extraTrajName": [],
            "_extraTrajPos": []
        },
        {
            "_time": 0.36000004410743716,
            "_type": 9,
            "_blend": 0,
            "_customData": 0,
            "_offPos": {
                "x": -0.00764828035607934,
                "y": -0.8547683954238892,
                "z": -0.12495589256286621
            },
            "_motionPos": {
                "x": 0.0,
                "y": 0.0,
                "z": 0.41983914375305178
            },
            "_extraTrajName": [],
            "_extraTrajPos": []
        },
        {
            "_time": 0.68666672706604,
            "_type": 1,
            "_blend": 0,
            "_customData": 0,
            "_offPos": {
                "x": 0.015564036555588246,
                "y": -0.8101593852043152,
                "z": 0.26086872816085818
            },
            "_motionPos": {
                "x": 0.0,
                "y": 0.0,
                "z": 0.8008041977882385
            },
            "_extraTrajName": [],
            "_extraTrajPos": []
        },
        {
            "_time": 1.0266667604446412,
            "_type": 8,
            "_blend": 0,
            "_customData": 0,
            "_offPos": {
                "x": -0.001347685232758522,
                "y": -0.8545117378234863,
                "z": -0.1338789463043213
            },
            "_motionPos": {
                "x": 0.0,
                "y": 0.0,
                "z": 1.1973190307617188
            },
            "_extraTrajName": [],
            "_extraTrajPos": []
        }
    ],
    "_zoneList": [
        {
            "_timeSpan": {
                "x": -0.0133333345875144,
                "y": 0.30666670203208926
            },
            "_name": "WalkStopRight1",
            "_nameHash": 0,
            "_beginMotionPos": {
                "x": 0.0,
                "y": 0.0,
                "z": 0.0
            },
            "_endMotionPos": {
                "x": 0.0,
                "y": 0.0,
                "z": 0.35764074325561526
            }
        },
        {
            "_timeSpan": {
                "x": 0.0,
                "y": 1.3333334922790528
            },
            "_name": "Move",
            "_nameHash": 0,
            "_beginMotionPos": {
                "x": 0.0,
                "y": 0.0,
                "z": 0.0
            },
            "_endMotionPos": {
                "x": 0.0,
                "y": 0.0,
                "z": 1.5549596548080445
            }
        },
        {
            "_timeSpan": {
                "x": 0.0,
                "y": 0.12299990653991699
            },
            "_name": "RunbsMirror",
            "_nameHash": 0,
            "_beginMotionPos": {
                "x": 0.0,
                "y": 0.0,
                "z": 0.0
            },
            "_endMotionPos": {
                "x": 0.0,
                "y": 0.0,
                "z": 0.1434449404478073
            }
        },
        {
            "_timeSpan": {
                "x": 0.0,
                "y": 1.3333334922790528
            },
            "_name": "Walk",
            "_nameHash": 0,
            "_beginMotionPos": {
                "x": 0.0,
                "y": 0.0,
                "z": 0.0
            },
            "_endMotionPos": {
                "x": 0.0,
                "y": 0.0,
                "z": 1.5549596548080445
            }
        },
        {
            "_timeSpan": {
                "x": 0.025000015273690225,
                "y": 0.5737646222114563
            },
            "_name": "RightFootHillIK",
            "_nameHash": 0,
            "_beginMotionPos": {
                "x": 0.0,
                "y": 0.0,
                "z": 0.029155518859624864
            },
            "_endMotionPos": {
                "x": 0.0,
                "y": 0.0,
                "z": 0.669135570526123
            }
        },
        {
            "_timeSpan": {
                "x": 0.12299995869398117,
                "y": 0.7860000729560852
            },
            "_name": "Runbs",
            "_nameHash": 0,
            "_beginMotionPos": {
                "x": 0.0,
                "y": 0.0,
                "z": 0.1434450000524521
            },
            "_endMotionPos": {
                "x": 0.0,
                "y": 0.0,
                "z": 0.916648805141449
            }
        },
        {
            "_timeSpan": {
                "x": 0.3333333730697632,
                "y": 0.6666667461395264
            },
            "_name": "WalkStopRight",
            "_nameHash": 0,
            "_beginMotionPos": {
                "x": 0.0,
                "y": 0.0,
                "z": 0.3887399435043335
            },
            "_endMotionPos": {
                "x": 0.0,
                "y": 0.0,
                "z": 0.7774798274040222
            }
        },
        {
            "_timeSpan": {
                "x": 0.6666667461395264,
                "y": 0.973333477973938
            },
            "_name": "WalkStopLeft1",
            "_nameHash": 0,
            "_beginMotionPos": {
                "x": 0.0,
                "y": 0.0,
                "z": 0.7774798274040222
            },
            "_endMotionPos": {
                "x": 0.0,
                "y": 0.0,
                "z": 1.1351206302642823
            }
        },
        {
            "_timeSpan": {
                "x": 0.6750000715255737,
                "y": 1.3333334922790528
            },
            "_name": "LeftJump",
            "_nameHash": 0,
            "_beginMotionPos": {
                "x": 0.0,
                "y": 0.0,
                "z": 0.7871983051300049
            },
            "_endMotionPos": {
                "x": 0.0,
                "y": 0.0,
                "z": 1.5549596548080445
            }
        },
        {
            "_timeSpan": {
                "x": 0.6860001087188721,
                "y": 1.2401177883148194
            },
            "_name": "LeftFootHillIK",
            "_nameHash": 0,
            "_beginMotionPos": {
                "x": 0.0,
                "y": 0.0,
                "z": 0.8000267744064331
            },
            "_endMotionPos": {
                "x": 0.0,
                "y": 0.0,
                "z": 1.4462497234344483
            }
        },
        {
            "_timeSpan": {
                "x": 0.7870001196861267,
                "y": 1.3333334922790528
            },
            "_name": "RunbsMirror",
            "_nameHash": 0,
            "_beginMotionPos": {
                "x": 0.0,
                "y": 0.0,
                "z": 0.9178150296211243
            },
            "_endMotionPos": {
                "x": 0.0,
                "y": 0.0,
                "z": 1.5549596548080445
            }
        },
        {
            "_timeSpan": {
                "x": 1.0000001192092896,
                "y": 1.3333334922790528
            },
            "_name": "WalkStopLeft",
            "_nameHash": 0,
            "_beginMotionPos": {
                "x": 0.0,
                "y": 0.0,
                "z": 1.1662198305130005
            },
            "_endMotionPos": {
                "x": 0.0,
                "y": 0.0,
                "z": 1.5549596548080445
            }
        }
    ]
}