{
    "_phaseList": [
        {
            "_time": 0.08300000429153443,
            "_type": 9,
            "_blend": 0,
            "_customData": 0,
            "_offPos": {
                "x": 0.09462758898735047,
                "y": -0.604939341545105,
                "z": 0.23073188960552216
            },
            "_motionPos": {
                "x": 0.0,
                "y": -0.21180546283721925,
                "z": 0.0
            },
            "_extraTrajName": [],
            "_extraTrajPos": []
        },
        {
            "_time": 0.6430000066757202,
            "_type": 1999,
            "_blend": 0,
            "_customData": 1,
            "_offPos": {
                "x": 0.0,
                "y": 0.0,
                "z": 0.0
            },
            "_motionPos": {
                "x": 0.0,
                "y": -1.1365697383880616,
                "z": 0.0
            },
            "_extraTrajName": [],
            "_extraTrajPos": []
        },
        {
            "_time": 0.8800000548362732,
            "_type": 1,
            "_blend": 0,
            "_customData": 0,
            "_offPos": {
                "x": -0.11586300283670426,
                "y": -0.6414795517921448,
                "z": 0.33805400133132937
            },
            "_motionPos": {
                "x": 0.0,
                "y": -1.223264217376709,
                "z": 0.0
            },
            "_extraTrajName": [],
            "_extraTrajPos": []
        }
    ],
    "_zoneList": [
        {
            "_timeSpan": {
                "x": 0.0,
                "y": 1.0000001192092896
            },
            "_name": "Climb",
            "_nameHash": 0,
            "_beginMotionPos": {
                "x": 0.0,
                "y": 0.0,
                "z": 0.0
            },
            "_endMotionPos": {
                "x": 0.0,
                "y": -1.223264217376709,
                "z": 0.0
            }
        }
    ]
}