{
    "_phaseList": [
        {
            "_time": 0.15000000596046449,
            "_type": 2,
            "_blend": 0,
            "_customData": 0,
            "_offPos": {
                "x": 0.02049415372312069,
                "y": -0.8376872539520264,
                "z": 0.09386289119720459
            },
            "_motionPos": {
                "x": 0.0,
                "y": 0.0,
                "z": 0.08640873432159424
            },
            "_extraTrajName": [],
            "_extraTrajPos": []
        },
        {
            "_time": 0.5353293418884277,
            "_type": 9,
            "_blend": 0,
            "_customData": 0,
            "_offPos": {
                "x": 0.03108946979045868,
                "y": -0.8593349456787109,
                "z": -0.020630359649658204
            },
            "_motionPos": {
                "x": 0.0,
                "y": 0.0,
                "z": 0.21502196788787843
            },
            "_extraTrajName": [],
            "_extraTrajPos": []
        },
        {
            "_time": 0.9750000834465027,
            "_type": 8,
            "_blend": 0,
            "_customData": 0,
            "_offPos": {
                "x": -0.08866726607084274,
                "y": -0.8592186570167542,
                "z": -0.04688405990600586
            },
            "_motionPos": {
                "x": 0.0,
                "y": 0.0,
                "z": 0.2366950511932373
            },
            "_extraTrajName": [],
            "_extraTrajPos": []
        },
        {
            "_time": 1.470000147819519,
            "_type": 8,
            "_blend": 0,
            "_customData": 0,
            "_offPos": {
                "x": -0.09359210729598999,
                "y": -0.860325813293457,
                "z": -0.04623126983642578
            },
            "_motionPos": {
                "x": 0.0,
                "y": 0.0,
                "z": 0.2366950511932373
            },
            "_extraTrajName": [],
            "_extraTrajPos": []
        }
    ],
    "_zoneList": [
        {
            "_timeSpan": {
                "x": 0.0,
                "y": 0.7030000686645508
            },
            "_name": "Walk",
            "_nameHash": 0,
            "_beginMotionPos": {
                "x": 0.0,
                "y": 0.0,
                "z": 0.0
            },
            "_endMotionPos": {
                "x": 0.0,
                "y": 0.0,
                "z": 0.23655474185943604
            }
        },
        {
            "_timeSpan": {
                "x": 0.0,
                "y": 0.4180000424385071
            },
            "_name": "LeftJump",
            "_nameHash": 0,
            "_beginMotionPos": {
                "x": 0.0,
                "y": 0.0,
                "z": 0.0
            },
            "_endMotionPos": {
                "x": 0.0,
                "y": 0.0,
                "z": 0.18366014957427979
            }
        },
        {
            "_timeSpan": {
                "x": 0.7600001096725464,
                "y": 1.9000002145767213
            },
            "_name": "RightFootStandIK",
            "_nameHash": 0,
            "_beginMotionPos": {
                "x": 0.0,
                "y": 0.0,
                "z": 0.2366950511932373
            },
            "_endMotionPos": {
                "x": 0.0,
                "y": 0.0,
                "z": 0.2366950511932373
            }
        },
        {
            "_timeSpan": {
                "x": 0.7600001096725464,
                "y": 1.9000002145767213
            },
            "_name": "Idle",
            "_nameHash": 0,
            "_beginMotionPos": {
                "x": 0.0,
                "y": 0.0,
                "z": 0.2366950511932373
            },
            "_endMotionPos": {
                "x": 0.0,
                "y": 0.0,
                "z": 0.2366950511932373
            }
        },
        {
            "_timeSpan": {
                "x": 1.1970001459121705,
                "y": 1.9000002145767213
            },
            "_name": "LeftJump",
            "_nameHash": 0,
            "_beginMotionPos": {
                "x": 0.0,
                "y": 0.0,
                "z": 0.2366950511932373
            },
            "_endMotionPos": {
                "x": 0.0,
                "y": 0.0,
                "z": 0.2366950511932373
            }
        },
        {
            "_timeSpan": {
                "x": 1.2920001745224,
                "y": 1.9000002145767213
            },
            "_name": "LeftFootStandIK",
            "_nameHash": 0,
            "_beginMotionPos": {
                "x": 0.0,
                "y": 0.0,
                "z": 0.2366950511932373
            },
            "_endMotionPos": {
                "x": 0.0,
                "y": 0.0,
                "z": 0.2366950511932373
            }
        }
    ]
}