{
    "_phaseList": [
        {
            "_time": 0.5130000114440918,
            "_type": 8,
            "_blend": 0,
            "_customData": 0,
            "_offPos": {
                "x": -0.1571711003780365,
                "y": -0.667716383934021,
                "z": 0.024327754974365236
            },
            "_motionPos": {
                "x": 0.0,
                "y": 0.0,
                "z": 2.8583908081054689
            },
            "_extraTrajName": [],
            "_extraTrajPos": []
        },
        {
            "_time": 0.796000063419342,
            "_type": 2,
            "_blend": 0,
            "_customData": 0,
            "_offPos": {
                "x": -0.018485052511096,
                "y": -0.7894163131713867,
                "z": 0.33589696884155276
            },
            "_motionPos": {
                "x": 0.0,
                "y": 0.0,
                "z": 4.435244560241699
            },
            "_extraTrajName": [],
            "_extraTrajPos": []
        },
        {
            "_time": 0.8870000243186951,
            "_type": 9,
            "_blend": 0,
            "_customData": 0,
            "_offPos": {
                "x": -0.029174471274018289,
                "y": -0.6725975871086121,
                "z": -0.15877628326416017
            },
            "_motionPos": {
                "x": 0.0,
                "y": 0.0,
                "z": 4.942289352416992
            },
            "_extraTrajName": [],
            "_extraTrajPos": []
        }
    ],
    "_zoneList": [
        {
            "_timeSpan": {
                "x": -0.016999993473291398,
                "y": 1.094166874885559
            },
            "_name": "Move",
            "_nameHash": 0,
            "_beginMotionPos": {
                "x": 0.0,
                "y": 0.0,
                "z": 0.0
            },
            "_endMotionPos": {
                "x": 0.0,
                "y": 0.0,
                "z": 6.036240577697754
            }
        },
        {
            "_timeSpan": {
                "x": 0.4819999933242798,
                "y": 0.6779999732971191
            },
            "_name": "LeftJump",
            "_nameHash": 0,
            "_beginMotionPos": {
                "x": 0.0,
                "y": 0.0,
                "z": 2.685661554336548
            },
            "_endMotionPos": {
                "x": 0.0,
                "y": 0.0,
                "z": 3.777756690979004
            }
        },
        {
            "_timeSpan": {
                "x": 0.4849999248981476,
                "y": 1.094166874885559
            },
            "_name": "Run",
            "_nameHash": 0,
            "_beginMotionPos": {
                "x": 0.0,
                "y": 0.0,
                "z": 2.7023768424987795
            },
            "_endMotionPos": {
                "x": 0.0,
                "y": 0.0,
                "z": 6.036240577697754
            }
        },
        {
            "_timeSpan": {
                "x": 1.0291668176651,
                "y": 1.094166874885559
            },
            "_name": "LeftJump",
            "_nameHash": 0,
            "_beginMotionPos": {
                "x": 0.0,
                "y": 0.0,
                "z": 5.734429359436035
            },
            "_endMotionPos": {
                "x": 0.0,
                "y": 0.0,
                "z": 6.036240577697754
            }
        }
    ]
}