{
    "_phaseList": [
        {
            "_time": 0.15000000596046449,
            "_type": 9,
            "_blend": 2,
            "_customData": 0,
            "_offPos": {
                "x": 0.17594201862812043,
                "y": -0.5158127546310425,
                "z": -0.15950876474380494
            },
            "_motionPos": {
                "x": 0.0,
                "y": 0.0,
                "z": 0.9287273287773132
            },
            "_extraTrajName": [],
            "_extraTrajPos": []
        },
        {
            "_time": 0.3799999952316284,
            "_type": 8,
            "_blend": 2,
            "_customData": 0,
            "_offPos": {
                "x": -0.13714328408241273,
                "y": -0.6194428205490112,
                "z": -0.2231382131576538
            },
            "_motionPos": {
                "x": 0.0,
                "y": 0.0,
                "z": 2.343897819519043
            },
            "_extraTrajName": [],
            "_extraTrajPos": []
        },
        {
            "_time": 0.7726667523384094,
            "_type": 1,
            "_blend": 1,
            "_customData": 0,
            "_offPos": {
                "x": -0.02183528058230877,
                "y": -0.7616631388664246,
                "z": 0.3477480411529541
            },
            "_motionPos": {
                "x": 0.0,
                "y": 0.0,
                "z": 4.897885799407959
            },
            "_extraTrajName": [],
            "_extraTrajPos": []
        },
        {
            "_time": 0.9983263611793518,
            "_type": 2,
            "_blend": 1,
            "_customData": 0,
            "_offPos": {
                "x": 0.024236110970377923,
                "y": -0.7241927981376648,
                "z": 0.33791065216064455
            },
            "_motionPos": {
                "x": 0.0,
                "y": 0.0,
                "z": 6.426446914672852
            },
            "_extraTrajName": [],
            "_extraTrajPos": []
        }
    ],
    "_zoneList": [
        {
            "_timeSpan": {
                "x": 0.0,
                "y": 1.0166667699813843
            },
            "_name": "Sprint",
            "_nameHash": 0,
            "_beginMotionPos": {
                "x": 0.0,
                "y": 0.0,
                "z": 0.0
            },
            "_endMotionPos": {
                "x": 0.0,
                "y": 0.0,
                "z": 6.5506792068481449
            }
        }
    ]
}