{
    "_phaseList": [
        {
            "_time": 0.11335667967796326,
            "_type": 2,
            "_blend": 0,
            "_customData": 0,
            "_offPos": {
                "x": 0.21055006980895997,
                "y": -0.5144223570823669,
                "z": 0.14100635051727296
            },
            "_motionPos": {
                "x": 0.0,
                "y": 0.0,
                "z": 0.6174914240837097
            },
            "_extraTrajName": [],
            "_extraTrajPos": []
        },
        {
            "_time": 0.40496334433555605,
            "_type": 1,
            "_blend": 0,
            "_customData": 0,
            "_offPos": {
                "x": -0.14150914549827577,
                "y": -0.6880792379379273,
                "z": 0.2935481071472168
            },
            "_motionPos": {
                "x": 0.0,
                "y": 0.0,
                "z": 2.2059693336486818
            },
            "_extraTrajName": [],
            "_extraTrajPos": []
        },
        {
            "_time": 0.7200267314910889,
            "_type": 2,
            "_blend": 0,
            "_customData": 0,
            "_offPos": {
                "x": -0.001111648976802826,
                "y": -0.782380223274231,
                "z": 0.35808706283569338
            },
            "_motionPos": {
                "x": 0.0,
                "y": 0.0,
                "z": 3.9222238063812258
            },
            "_extraTrajName": [],
            "_extraTrajPos": []
        }
    ],
    "_zoneList": [
        {
            "_timeSpan": {
                "x": 0.0,
                "y": 1.033333420753479
            },
            "_name": "Move",
            "_nameHash": 0,
            "_beginMotionPos": {
                "x": 0.0,
                "y": 0.0,
                "z": 0.0
            },
            "_endMotionPos": {
                "x": 0.0,
                "y": 0.0,
                "z": 5.628908634185791
            }
        },
        {
            "_timeSpan": {
                "x": 0.06199996545910835,
                "y": 1.033333420753479
            },
            "_name": "Run",
            "_nameHash": 0,
            "_beginMotionPos": {
                "x": 0.0,
                "y": 0.0,
                "z": 0.3377344012260437
            },
            "_endMotionPos": {
                "x": 0.0,
                "y": 0.0,
                "z": 5.628908634185791
            }
        },
        {
            "_timeSpan": {
                "x": 0.3203333616256714,
                "y": 0.6923334002494812
            },
            "_name": "LeftJump",
            "_nameHash": 0,
            "_beginMotionPos": {
                "x": 0.0,
                "y": 0.0,
                "z": 1.7449618577957154
            },
            "_endMotionPos": {
                "x": 0.0,
                "y": 0.0,
                "z": 3.771369218826294
            }
        }
    ]
}