{
    "_phaseList": [
        {
            "_time": 0.22073334455490113,
            "_type": 1,
            "_blend": 0,
            "_customData": 0,
            "_offPos": {
                "x": -0.02154354378581047,
                "y": -0.7596161365509033,
                "z": 0.3505772352218628
            },
            "_motionPos": {
                "x": 0.0,
                "y": 0.0,
                "z": 1.5054675340652466
            },
            "_extraTrajName": [],
            "_extraTrajPos": []
        },
        {
            "_time": 0.4458923637866974,
            "_type": 2,
            "_blend": 0,
            "_customData": 0,
            "_offPos": {
                "x": 0.028000615537166597,
                "y": -0.7475943565368652,
                "z": 0.36455798149108889
            },
            "_motionPos": {
                "x": 0.0,
                "y": 0.0,
                "z": 3.041116952896118
            },
            "_extraTrajName": [],
            "_extraTrajPos": []
        }
    ],
    "_zoneList": [
        {
            "_timeSpan": {
                "x": 0.0,
                "y": 0.46666669845581057
            },
            "_name": "Sprint",
            "_nameHash": 0,
            "_beginMotionPos": {
                "x": 0.0,
                "y": 0.0,
                "z": 0.0
            },
            "_endMotionPos": {
                "x": 0.0,
                "y": 0.0,
                "z": 3.182802677154541
            }
        },
        {
            "_timeSpan": {
                "x": 0.0,
                "y": 0.46666669845581057
            },
            "_name": "Move",
            "_nameHash": 0,
            "_beginMotionPos": {
                "x": 0.0,
                "y": 0.0,
                "z": 0.0
            },
            "_endMotionPos": {
                "x": 0.0,
                "y": 0.0,
                "z": 3.182802677154541
            }
        }
    ]
}