{
    "_phaseList": [
        {
            "_time": 0.2199999988079071,
            "_type": 1,
            "_blend": 0,
            "_customData": 0,
            "_offPos": {
                "x": -0.026484394446015359,
                "y": -0.7563744187355042,
                "z": 0.35838520526885989
            },
            "_motionPos": {
                "x": 0.0,
                "y": 0.0,
                "z": 1.4617682695388795
            },
            "_extraTrajName": [],
            "_extraTrajPos": []
        },
        {
            "_time": 0.7700000405311585,
            "_type": 1,
            "_blend": 1,
            "_customData": 0,
            "_offPos": {
                "x": -0.002605421468615532,
                "y": -0.7503074407577515,
                "z": 0.3562197685241699
            },
            "_motionPos": {
                "x": 0.0,
                "y": 0.0,
                "z": 4.881019115447998
            },
            "_extraTrajName": [],
            "_extraTrajPos": []
        }
    ],
    "_zoneList": [
        {
            "_timeSpan": {
                "x": 0.0,
                "y": 0.8000000715255737
            },
            "_name": "Move",
            "_nameHash": 0,
            "_beginMotionPos": {
                "x": 0.0,
                "y": 0.0,
                "z": 0.0
            },
            "_endMotionPos": {
                "x": 0.0,
                "y": 0.0,
                "z": 5.051753520965576
            }
        },
        {
            "_timeSpan": {
                "x": 0.0,
                "y": 0.40000003576278689
            },
            "_name": "Sprint",
            "_nameHash": 0,
            "_beginMotionPos": {
                "x": 0.0,
                "y": 0.0,
                "z": 0.0
            },
            "_endMotionPos": {
                "x": 0.0,
                "y": 0.0,
                "z": 2.7480673789978029
            }
        },
        {
            "_timeSpan": {
                "x": 0.40000003576278689,
                "y": 0.8000000715255737
            },
            "_name": "Run",
            "_nameHash": 0,
            "_beginMotionPos": {
                "x": 0.0,
                "y": 0.0,
                "z": 2.7480673789978029
            },
            "_endMotionPos": {
                "x": 0.0,
                "y": 0.0,
                "z": 5.051753520965576
            }
        }
    ]
}