{
    "_phaseList": [
        {
            "_time": 0.7300000786781311,
            "_type": 9,
            "_blend": 1,
            "_customData": 0,
            "_offPos": {
                "x": 0.018767232075333597,
                "y": -0.7101218104362488,
                "z": 0.3651496171951294
            },
            "_motionPos": {
                "x": 5.553197368612928e-8,
                "y": 0.0,
                "z": 5.7690324783325199
            },
            "_extraTrajName": [],
            "_extraTrajPos": []
        },
        {
            "_time": 0.973333477973938,
            "_type": 1,
            "_blend": 1,
            "_customData": 0,
            "_offPos": {
                "x": -0.022611044347286226,
                "y": -0.7619209289550781,
                "z": 0.3387136459350586
            },
            "_motionPos": {
                "x": 5.376342215868135e-8,
                "y": 0.0,
                "z": 7.4199018478393559
            },
            "_extraTrajName": [],
            "_extraTrajPos": []
        }
    ],
    "_zoneList": [
        {
            "_timeSpan": {
                "x": -0.012166667729616166,
                "y": 1.2288334369659424
            },
            "_name": "Sprint",
            "_nameHash": 0,
            "_beginMotionPos": {
                "x": 0.0,
                "y": 0.0,
                "z": 0.0
            },
            "_endMotionPos": {
                "x": 5.3826227031095189e-8,
                "y": 0.0,
                "z": 9.076372146606446
            }
        }
    ]
}