{
    "_phaseList": [],
    "_zoneList": [
        {
            "_timeSpan": {
                "x": 0.9000000953674316,
                "y": 1.2625001668930054
            },
            "_name": "StableStandby",
            "_nameHash": 0,
            "_beginMotionPos": {
                "x": 0.000002826754098350648,
                "y": 0.4868379235267639,
                "z": 0.4240133762359619
            },
            "_endMotionPos": {
                "x": 0.000002826754098350648,
                "y": 0.4868379235267639,
                "z": 0.4240133762359619
            }
        }
    ]
}