{
    "_phaseList": [
        {
            "_time": 0.8040000200271606,
            "_type": 2,
            "_blend": 0,
            "_customData": 0,
            "_offPos": {
                "x": 0.19713281095027924,
                "y": -0.6237506866455078,
                "z": 0.36299920082092287
            },
            "_motionPos": {
                "x": 0.0,
                "y": 0.0,
                "z": 4.078956604003906
            },
            "_extraTrajName": [],
            "_extraTrajPos": []
        },
        {
            "_time": 1.1850000619888306,
            "_type": 2,
            "_blend": 0,
            "_customData": 0,
            "_offPos": {
                "x": 0.01927109993994236,
                "y": -0.7254283428192139,
                "z": 0.34784695506095889
            },
            "_motionPos": {
                "x": 0.0,
                "y": 0.0,
                "z": 6.989271640777588
            },
            "_extraTrajName": [],
            "_extraTrajPos": []
        },
        {
            "_time": 1.4233334064483643,
            "_type": 1,
            "_blend": 0,
            "_customData": 0,
            "_offPos": {
                "x": -0.021727029234170915,
                "y": -0.7648699879646301,
                "z": 0.33927035331726076
            },
            "_motionPos": {
                "x": 0.0,
                "y": 0.0,
                "z": 8.614928245544434
            },
            "_extraTrajName": [],
            "_extraTrajPos": []
        }
    ],
    "_zoneList": [
        {
            "_timeSpan": {
                "x": 0.0,
                "y": 0.8333333730697632
            },
            "_name": "Run",
            "_nameHash": 0,
            "_beginMotionPos": {
                "x": 0.0,
                "y": 0.0,
                "z": 0.0
            },
            "_endMotionPos": {
                "x": 0.0,
                "y": 0.0,
                "z": 4.507075786590576
            }
        },
        {
            "_timeSpan": {
                "x": 0.8333333730697632,
                "y": 1.6666667461395264
            },
            "_name": "Sprint",
            "_nameHash": 0,
            "_beginMotionPos": {
                "x": 0.0,
                "y": 0.0,
                "z": 4.507075786590576
            },
            "_endMotionPos": {
                "x": 0.0,
                "y": 0.0,
                "z": 10.286178588867188
            }
        }
    ]
}