{
    "_phaseList": [
        {
            "_time": 0.18000000715255738,
            "_type": 2,
            "_blend": 0,
            "_customData": 0,
            "_offPos": {
                "x": -0.023836009204387666,
                "y": -0.7737016677856445,
                "z": 0.33536267280578616
            },
            "_motionPos": {
                "x": 0.0,
                "y": 0.0,
                "z": 0.9640763998031616
            },
            "_extraTrajName": [],
            "_extraTrajPos": []
        },
        {
            "_time": 0.2594594657421112,
            "_type": 9,
            "_blend": 0,
            "_customData": 0,
            "_offPos": {
                "x": -0.03963017463684082,
                "y": -0.6865492463111877,
                "z": -0.0947650671005249
            },
            "_motionPos": {
                "x": 0.0,
                "y": 0.0,
                "z": 1.3896596431732178
            },
            "_extraTrajName": [],
            "_extraTrajPos": []
        },
        {
            "_time": 0.5139999985694885,
            "_type": 1,
            "_blend": 0,
            "_customData": 0,
            "_offPos": {
                "x": 0.024908097460865976,
                "y": -0.7711728811264038,
                "z": 0.34508371353149416
            },
            "_motionPos": {
                "x": 0.0,
                "y": 0.0,
                "z": 2.7529728412628176
            },
            "_extraTrajName": [],
            "_extraTrajPos": []
        },
        {
            "_time": 0.5788135528564453,
            "_type": 8,
            "_blend": 0,
            "_customData": 0,
            "_offPos": {
                "x": 0.039432354271411899,
                "y": -0.7154490947723389,
                "z": -0.001065969467163086
            },
            "_motionPos": {
                "x": 0.0,
                "y": 0.0,
                "z": 3.1001126766204836
            },
            "_extraTrajName": [],
            "_extraTrajPos": []
        }
    ],
    "_zoneList": [
        {
            "_timeSpan": {
                "x": -0.006666666828095913,
                "y": 0.15333333611488343
            },
            "_name": "ToIdleNotMirror",
            "_nameHash": 0,
            "_beginMotionPos": {
                "x": 0.0,
                "y": 0.0,
                "z": 0.0
            },
            "_endMotionPos": {
                "x": 0.0,
                "y": 0.0,
                "z": 0.8212502598762512
            }
        },
        {
            "_timeSpan": {
                "x": 0.0,
                "y": 0.6666666865348816
            },
            "_name": "Steerable",
            "_nameHash": 0,
            "_beginMotionPos": {
                "x": 0.0,
                "y": 0.0,
                "z": 0.0
            },
            "_endMotionPos": {
                "x": 0.0,
                "y": 0.0,
                "z": 3.5706517696380617
            }
        },
        {
            "_timeSpan": {
                "x": 0.0,
                "y": 0.6666666865348816
            },
            "_name": "Run",
            "_nameHash": 0,
            "_beginMotionPos": {
                "x": 0.0,
                "y": 0.0,
                "z": 0.0
            },
            "_endMotionPos": {
                "x": 0.0,
                "y": 0.0,
                "z": 3.5706517696380617
            }
        },
        {
            "_timeSpan": {
                "x": 0.0,
                "y": 0.05699997767806053
            },
            "_name": "LeftJump",
            "_nameHash": 0,
            "_beginMotionPos": {
                "x": 0.0,
                "y": 0.0,
                "z": 0.0
            },
            "_endMotionPos": {
                "x": 0.0,
                "y": 0.0,
                "z": 0.30529069900512698
            }
        },
        {
            "_timeSpan": {
                "x": 0.0,
                "y": 0.6666666865348816
            },
            "_name": "Move",
            "_nameHash": 0,
            "_beginMotionPos": {
                "x": 0.0,
                "y": 0.0,
                "z": 0.0
            },
            "_endMotionPos": {
                "x": 0.0,
                "y": 0.0,
                "z": 3.5706517696380617
            }
        },
        {
            "_timeSpan": {
                "x": 0.15333333611488343,
                "y": 0.4866666793823242
            },
            "_name": "ToIdleMirror",
            "_nameHash": 0,
            "_beginMotionPos": {
                "x": 0.0,
                "y": 0.0,
                "z": 0.8212502598762512
            },
            "_endMotionPos": {
                "x": 0.0,
                "y": 0.0,
                "z": 2.606576442718506
            }
        },
        {
            "_timeSpan": {
                "x": 0.18050846457481385,
                "y": 0.295244961977005
            },
            "_name": "RightFootHillIK",
            "_nameHash": 0,
            "_beginMotionPos": {
                "x": 0.0,
                "y": 0.0,
                "z": 0.9667997360229492
            },
            "_endMotionPos": {
                "x": 0.0,
                "y": 0.0,
                "z": 1.5813261270523072
            }
        },
        {
            "_timeSpan": {
                "x": 0.4010000228881836,
                "y": 0.6666666865348816
            },
            "_name": "LeftJump",
            "_nameHash": 0,
            "_beginMotionPos": {
                "x": 0.0,
                "y": 0.0,
                "z": 2.1477479934692385
            },
            "_endMotionPos": {
                "x": 0.0,
                "y": 0.0,
                "z": 3.5706517696380617
            }
        },
        {
            "_timeSpan": {
                "x": 0.4866666793823242,
                "y": 0.6733333468437195
            },
            "_name": "ToIdleNotMirror",
            "_nameHash": 0,
            "_beginMotionPos": {
                "x": 0.0,
                "y": 0.0,
                "z": 2.606576442718506
            },
            "_endMotionPos": {
                "x": 0.0,
                "y": 0.0,
                "z": 3.5706517696380617
            }
        },
        {
            "_timeSpan": {
                "x": 0.5137795805931091,
                "y": 0.6246151924133301
            },
            "_name": "LeftFootHillIK",
            "_nameHash": 0,
            "_beginMotionPos": {
                "x": 0.0,
                "y": 0.0,
                "z": 2.7517924308776857
            },
            "_endMotionPos": {
                "x": 0.0,
                "y": 0.0,
                "z": 3.3454248905181886
            }
        }
    ]
}