{
    "_phaseList": [
        {
            "_time": 0.18000000715255738,
            "_type": 2,
            "_blend": 0,
            "_customData": 0,
            "_offPos": {
                "x": 0.024691592901945115,
                "y": -0.8058037161827087,
                "z": -0.0495259165763855
            },
            "_motionPos": {
                "x": 0.0,
                "y": 0.0,
                "z": 1.0400429964065552
            },
            "_extraTrajName": [],
            "_extraTrajPos": []
        },
        {
            "_time": 0.2670000195503235,
            "_type": 9,
            "_blend": 2,
            "_customData": 0,
            "_offPos": {
                "x": 0.024691592901945115,
                "y": -0.8058037161827087,
                "z": -0.0495259165763855
            },
            "_motionPos": {
                "x": 0.0,
                "y": 0.0,
                "z": 1.542730450630188
            },
            "_extraTrajName": [],
            "_extraTrajPos": []
        },
        {
            "_time": 0.5139999985694885,
            "_type": 1,
            "_blend": 0,
            "_customData": 0,
            "_offPos": {
                "x": -0.024689065292477609,
                "y": -0.8058038353919983,
                "z": -0.04952603578567505
            },
            "_motionPos": {
                "x": 0.0,
                "y": 0.0,
                "z": 2.9698996543884279
            },
            "_extraTrajName": [],
            "_extraTrajPos": []
        },
        {
            "_time": 0.5788135528564453,
            "_type": 8,
            "_blend": 2,
            "_customData": 0,
            "_offPos": {
                "x": -0.024689065292477609,
                "y": -0.8058038353919983,
                "z": -0.04952603578567505
            },
            "_motionPos": {
                "x": 0.0,
                "y": 0.0,
                "z": 3.344393491744995
            },
            "_extraTrajName": [],
            "_extraTrajPos": []
        }
    ],
    "_zoneList": [
        {
            "_timeSpan": {
                "x": -0.005999995395541191,
                "y": 0.05699997767806053
            },
            "_name": "LeftJump",
            "_nameHash": 0,
            "_beginMotionPos": {
                "x": 0.0,
                "y": 0.0,
                "z": 0.0
            },
            "_endMotionPos": {
                "x": 0.0,
                "y": 0.0,
                "z": 0.32934677600860598
            }
        },
        {
            "_timeSpan": {
                "x": -0.0059999823570251469,
                "y": 0.06699998676776886
            },
            "_name": "ToIdleMirror",
            "_nameHash": 0,
            "_beginMotionPos": {
                "x": 0.0,
                "y": 0.0,
                "z": 0.0
            },
            "_endMotionPos": {
                "x": 0.0,
                "y": 0.0,
                "z": 0.38712701201438906
            }
        },
        {
            "_timeSpan": {
                "x": -0.0020000264048576357,
                "y": 0.6849998831748962
            },
            "_name": "Move",
            "_nameHash": 0,
            "_beginMotionPos": {
                "x": 0.0,
                "y": 0.0,
                "z": 0.0
            },
            "_endMotionPos": {
                "x": 0.0,
                "y": 0.0,
                "z": 3.8520102500915529
            }
        },
        {
            "_timeSpan": {
                "x": -0.001999989151954651,
                "y": 0.6859999895095825
            },
            "_name": "Steerable",
            "_nameHash": 0,
            "_beginMotionPos": {
                "x": 0.0,
                "y": 0.0,
                "z": 0.0
            },
            "_endMotionPos": {
                "x": 0.0,
                "y": 0.0,
                "z": 3.8520102500915529
            }
        },
        {
            "_timeSpan": {
                "x": 2.9802322387695315e-8,
                "y": 0.6870000958442688
            },
            "_name": "Run",
            "_nameHash": 0,
            "_beginMotionPos": {
                "x": 0.0,
                "y": 0.0,
                "z": 1.7219829828718503e-7
            },
            "_endMotionPos": {
                "x": 0.0,
                "y": 0.0,
                "z": 3.8520102500915529
            }
        },
        {
            "_timeSpan": {
                "x": 0.0690000131726265,
                "y": 0.40199995040893557
            },
            "_name": "ToIdleNotMirror",
            "_nameHash": 0,
            "_beginMotionPos": {
                "x": 0.0,
                "y": 0.0,
                "z": 0.39868319034576418
            },
            "_endMotionPos": {
                "x": 0.0,
                "y": 0.0,
                "z": 2.3227620124816896
            }
        },
        {
            "_timeSpan": {
                "x": 0.18050846457481385,
                "y": 0.295244961977005
            },
            "_name": "RightFootHillIK",
            "_nameHash": 0,
            "_beginMotionPos": {
                "x": 0.0,
                "y": 0.0,
                "z": 1.0429807901382447
            },
            "_endMotionPos": {
                "x": 0.0,
                "y": 0.0,
                "z": 1.7059299945831299
            }
        },
        {
            "_timeSpan": {
                "x": 0.4010000228881836,
                "y": 0.6910001039505005
            },
            "_name": "LeftJump",
            "_nameHash": 0,
            "_beginMotionPos": {
                "x": 0.0,
                "y": 0.0,
                "z": 2.3169844150543215
            },
            "_endMotionPos": {
                "x": 0.0,
                "y": 0.0,
                "z": 3.8520102500915529
            }
        },
        {
            "_timeSpan": {
                "x": 0.40199998021125796,
                "y": 0.6980000138282776
            },
            "_name": "ToIdleMirror",
            "_nameHash": 0,
            "_beginMotionPos": {
                "x": 0.0,
                "y": 0.0,
                "z": 2.3227622509002687
            },
            "_endMotionPos": {
                "x": 0.0,
                "y": 0.0,
                "z": 3.8520102500915529
            }
        },
        {
            "_timeSpan": {
                "x": 0.5137795805931091,
                "y": 0.6246151924133301
            },
            "_name": "LeftFootHillIK",
            "_nameHash": 0,
            "_beginMotionPos": {
                "x": 0.0,
                "y": 0.0,
                "z": 2.9686262607574465
            },
            "_endMotionPos": {
                "x": 0.0,
                "y": 0.0,
                "z": 3.6090357303619386
            }
        }
    ]
}