{
    "_phaseList": [
        {
            "_time": 0.18680202960968018,
            "_type": 9,
            "_blend": 2,
            "_customData": 0,
            "_offPos": {
                "x": 0.1473483145236969,
                "y": -0.4944435656070709,
                "z": -0.44885873794555666
            },
            "_motionPos": {
                "x": -5.622675303129654e-8,
                "y": -5.622678145300597e-8,
                "z": 1.2863185405731202
            },
            "_extraTrajName": [],
            "_extraTrajPos": []
        },
        {
            "_time": 0.40203046798706057,
            "_type": 8,
            "_blend": 2,
            "_customData": 0,
            "_offPos": {
                "x": -0.11980452388525009,
                "y": -0.6020427346229553,
                "z": -0.36241281032562258
            },
            "_motionPos": {
                "x": -1.1768908336762252e-7,
                "y": -1.1768911178933195e-7,
                "z": 2.6924123764038088
            },
            "_extraTrajName": [],
            "_extraTrajPos": []
        },
        {
            "_time": 0.755329966545105,
            "_type": 1,
            "_blend": 1,
            "_customData": 0,
            "_offPos": {
                "x": -0.01701391488313675,
                "y": -0.6947169303894043,
                "z": 0.3624924421310425
            },
            "_motionPos": {
                "x": -1.760855639076908e-7,
                "y": -1.7608557811854554e-7,
                "z": 5.160796165466309
            },
            "_extraTrajName": [],
            "_extraTrajPos": []
        },
        {
            "_time": 0.9847716093063355,
            "_type": 2,
            "_blend": 1,
            "_customData": 0,
            "_offPos": {
                "x": 0.018322164192795755,
                "y": -0.6822406053543091,
                "z": 0.36977696418762209
            },
            "_motionPos": {
                "x": -1.6065017405253457e-7,
                "y": -1.6065015984167986e-7,
                "z": 6.833681106567383
            },
            "_extraTrajName": [],
            "_extraTrajPos": []
        }
    ],
    "_zoneList": [
        {
            "_timeSpan": {
                "x": -0.0009375009685754776,
                "y": 1.0750000476837159
            },
            "_name": "Sprint",
            "_nameHash": 0,
            "_beginMotionPos": {
                "x": 0.0,
                "y": 0.0,
                "z": 0.0
            },
            "_endMotionPos": {
                "x": -1.6014584502954677e-7,
                "y": -1.6014585924040149e-7,
                "z": 7.066231727600098
            }
        },
        {
            "_timeSpan": {
                "x": 2.3283064365386964e-9,
                "y": 1.0699999332427979
            },
            "_name": "Move",
            "_nameHash": 0,
            "_beginMotionPos": {
                "x": 0.0,
                "y": 0.0,
                "z": 0.0
            },
            "_endMotionPos": {
                "x": -1.6014584502954677e-7,
                "y": -1.6014585924040149e-7,
                "z": 7.066231727600098
            }
        }
    ]
}