{
    "_phaseList": [
        {
            "_time": 0.01756756752729416,
            "_type": 2,
            "_blend": 0,
            "_customData": 0,
            "_offPos": {
                "x": 0.020661914721131326,
                "y": -0.7233843207359314,
                "z": 0.12556807696819306
            },
            "_motionPos": {
                "x": 0.0,
                "y": 0.0,
                "z": 0.12525469064712525
            },
            "_extraTrajName": [],
            "_extraTrajPos": []
        },
        {
            "_time": 0.22094595432281495,
            "_type": 1,
            "_blend": 0,
            "_customData": 0,
            "_offPos": {
                "x": -0.022219516336917878,
                "y": -0.7267012596130371,
                "z": 0.31126296520233157
            },
            "_motionPos": {
                "x": 0.0,
                "y": 0.0,
                "z": 1.6404151916503907
            },
            "_extraTrajName": [],
            "_extraTrajPos": []
        },
        {
            "_time": 0.48281940817832949,
            "_type": 2,
            "_blend": 1,
            "_customData": 0,
            "_offPos": {
                "x": -0.026800215244293214,
                "y": -0.7624889612197876,
                "z": 0.22771000862121583
            },
            "_motionPos": {
                "x": 0.0,
                "y": 0.0,
                "z": 3.5662946701049806
            },
            "_extraTrajName": [],
            "_extraTrajPos": []
        },
        {
            "_time": 0.7849999666213989,
            "_type": 1,
            "_blend": 1,
            "_customData": 0,
            "_offPos": {
                "x": 0.012157543562352658,
                "y": -0.7567481994628906,
                "z": 0.30893898010253909
            },
            "_motionPos": {
                "x": 0.0,
                "y": 0.0,
                "z": 5.313943862915039
            },
            "_extraTrajName": [],
            "_extraTrajPos": []
        }
    ],
    "_zoneList": [
        {
            "_timeSpan": {
                "x": -0.015000000596046448,
                "y": 0.4025000035762787
            },
            "_name": "Sprint",
            "_nameHash": 0,
            "_beginMotionPos": {
                "x": 0.0,
                "y": 0.0,
                "z": 0.0
            },
            "_endMotionPos": {
                "x": 0.0,
                "y": 0.0,
                "z": 3.0131020545959474
            }
        },
        {
            "_timeSpan": {
                "x": -0.012500002980232239,
                "y": 0.8024999499320984
            },
            "_name": "Move",
            "_nameHash": 0,
            "_beginMotionPos": {
                "x": 0.0,
                "y": 0.0,
                "z": 0.0
            },
            "_endMotionPos": {
                "x": 0.0,
                "y": 0.0,
                "z": 5.401621341705322
            }
        },
        {
            "_timeSpan": {
                "x": 0.3974999785423279,
                "y": 0.8049999475479126
            },
            "_name": "Run",
            "_nameHash": 0,
            "_beginMotionPos": {
                "x": 0.0,
                "y": 0.0,
                "z": 2.977055072784424
            },
            "_endMotionPos": {
                "x": 0.0,
                "y": 0.0,
                "z": 5.401621341705322
            }
        }
    ]
}