{
    "_phaseList": [
        {
            "_time": 0.29200002551078799,
            "_type": 1,
            "_blend": 2,
            "_customData": 0,
            "_offPos": {
                "x": 0.028563912957906724,
                "y": -0.7695038318634033,
                "z": 0.21346497535705567
            },
            "_motionPos": {
                "x": -1.8867625684038104e-8,
                "y": -1.8867625684038104e-8,
                "z": 1.6445553302764893
            },
            "_extraTrajName": [],
            "_extraTrajPos": []
        },
        {
            "_time": 0.7239130139350891,
            "_type": 2,
            "_blend": 1,
            "_customData": 0,
            "_offPos": {
                "x": -0.018197432160377504,
                "y": -0.7795717716217041,
                "z": 0.25920557975769045
            },
            "_motionPos": {
                "x": -4.798084418666804e-8,
                "y": -4.798084418666804e-8,
                "z": 2.4257049560546877
            },
            "_extraTrajName": [],
            "_extraTrajPos": []
        }
    ],
    "_zoneList": [
        {
            "_timeSpan": {
                "x": -0.0021739304065704347,
                "y": 0.3579999804496765
            },
            "_name": "Run",
            "_nameHash": 0,
            "_beginMotionPos": {
                "x": 0.0,
                "y": 0.0,
                "z": 0.0
            },
            "_endMotionPos": {
                "x": -2.376428298589417e-8,
                "y": -2.376428298589417e-8,
                "z": 1.8674955368041993
            }
        },
        {
            "_timeSpan": {
                "x": -0.0018248260021209717,
                "y": 1.5346715450286866
            },
            "_name": "Move",
            "_nameHash": 0,
            "_beginMotionPos": {
                "x": 0.0,
                "y": 0.0,
                "z": 0.0
            },
            "_endMotionPos": {
                "x": -8.495779013628635e-8,
                "y": -8.495779013628635e-8,
                "z": 3.442532777786255
            }
        },
        {
            "_timeSpan": {
                "x": 0.2160000205039978,
                "y": 0.6779999732971191
            },
            "_name": "LeftJump",
            "_nameHash": 0,
            "_beginMotionPos": {
                "x": -1.3353670169635734e-8,
                "y": -1.3353670169635734e-8,
                "z": 1.248051404953003
            },
            "_endMotionPos": {
                "x": -4.528708785755953e-8,
                "y": -4.528708785755953e-8,
                "z": 2.3638787269592287
            }
        },
        {
            "_timeSpan": {
                "x": 0.3581739068031311,
                "y": 1.5369564294815064
            },
            "_name": "Walk",
            "_nameHash": 0,
            "_beginMotionPos": {
                "x": -2.3777204205543968e-8,
                "y": -2.3777204205543968e-8,
                "z": 1.8680272102355958
            },
            "_endMotionPos": {
                "x": -8.495779013628635e-8,
                "y": -8.495779013628635e-8,
                "z": 3.442532777786255
            }
        },
        {
            "_timeSpan": {
                "x": 1.3250000476837159,
                "y": 1.5540000200271607
            },
            "_name": "LeftJump",
            "_nameHash": 0,
            "_beginMotionPos": {
                "x": -8.100040815861576e-8,
                "y": -8.100040815861576e-8,
                "z": 3.1813108921051027
            },
            "_endMotionPos": {
                "x": -8.495779013628635e-8,
                "y": -8.495779013628635e-8,
                "z": 3.442532777786255
            }
        }
    ]
}