{
    "_phaseList": [
        {
            "_time": 0.13900001347064973,
            "_type": 2,
            "_blend": 0,
            "_customData": 0,
            "_offPos": {
                "x": 0.2743881642818451,
                "y": -0.5262498259544373,
                "z": -0.02382713556289673
            },
            "_motionPos": {
                "x": -3.781817525805309e-8,
                "y": -3.781817525805309e-8,
                "z": 0.8563426733016968
            },
            "_extraTrajName": [],
            "_extraTrajPos": []
        },
        {
            "_time": 0.45000001788139346,
            "_type": 1,
            "_blend": 0,
            "_customData": 0,
            "_offPos": {
                "x": -0.12273802608251572,
                "y": -0.677890956401825,
                "z": 0.0884854793548584
            },
            "_motionPos": {
                "x": -1.1904161567599658e-7,
                "y": -1.1904161567599658e-7,
                "z": 2.718996524810791
            },
            "_extraTrajName": [],
            "_extraTrajPos": []
        },
        {
            "_time": 0.7450000643730164,
            "_type": 2,
            "_blend": 0,
            "_customData": 0,
            "_offPos": {
                "x": -0.020533958449959756,
                "y": -0.7652578353881836,
                "z": 0.30574464797973635
            },
            "_motionPos": {
                "x": -1.927992485661889e-7,
                "y": -1.927992485661889e-7,
                "z": 4.404519557952881
            },
            "_extraTrajName": [],
            "_extraTrajPos": []
        }
    ],
    "_zoneList": [
        {
            "_timeSpan": {
                "x": -0.003999993205070496,
                "y": 0.09999997913837433
            },
            "_name": "LeftJump",
            "_nameHash": 0,
            "_beginMotionPos": {
                "x": 0.0,
                "y": 0.0,
                "z": 0.0
            },
            "_endMotionPos": {
                "x": -2.7448511019656509e-8,
                "y": -2.7448511019656509e-8,
                "z": 0.6163184642791748
            }
        },
        {
            "_timeSpan": {
                "x": -0.0029999911785125734,
                "y": 0.8529999852180481
            },
            "_name": "Move",
            "_nameHash": 0,
            "_beginMotionPos": {
                "x": 0.0,
                "y": 0.0,
                "z": 0.0
            },
            "_endMotionPos": {
                "x": -2.200058020207507e-7,
                "y": -2.200058020207507e-7,
                "z": 5.029269218444824
            }
        },
        {
            "_timeSpan": {
                "x": 0.06199996918439865,
                "y": 0.8560000061988831
            },
            "_name": "Run",
            "_nameHash": 0,
            "_beginMotionPos": {
                "x": -1.719550013490334e-8,
                "y": -1.719550013490334e-8,
                "z": 0.3825821280479431
            },
            "_endMotionPos": {
                "x": -2.2076156369621459e-7,
                "y": -2.2076156369621459e-7,
                "z": 5.046638488769531
            }
        },
        {
            "_timeSpan": {
                "x": 0.3140000104904175,
                "y": 0.703000009059906
            },
            "_name": "LeftJump",
            "_nameHash": 0,
            "_beginMotionPos": {
                "x": -8.399233308864496e-8,
                "y": -8.399233308864496e-8,
                "z": 1.9610024690628052
            },
            "_endMotionPos": {
                "x": -1.8226229769879866e-7,
                "y": -1.8226229769879866e-7,
                "z": 4.162090301513672
            }
        }
    ]
}