{
    "_phaseList": [
        {
            "_time": 0.026000000536441804,
            "_type": 2,
            "_blend": 0,
            "_customData": 0,
            "_offPos": {
                "x": -0.014719977974891663,
                "y": -0.7785145044326782,
                "z": 0.256071537733078
            },
            "_motionPos": {
                "x": -1.4298442430060732e-9,
                "y": -1.4298442430060732e-9,
                "z": 0.03271101787686348
            },
            "_extraTrajName": [],
            "_extraTrajPos": []
        },
        {
            "_time": 0.36000001430511477,
            "_type": 9,
            "_blend": 0,
            "_customData": 0,
            "_offPos": {
                "x": -0.010526440106332302,
                "y": -0.8252798318862915,
                "z": -0.09431988000869751
            },
            "_motionPos": {
                "x": -1.9797839811985797e-8,
                "y": -1.9797839811985797e-8,
                "z": 0.4529217779636383
            },
            "_extraTrajName": [],
            "_extraTrajPos": []
        },
        {
            "_time": 0.6861972212791443,
            "_type": 1,
            "_blend": 0,
            "_customData": 0,
            "_offPos": {
                "x": 0.016114450991153718,
                "y": -0.7775825262069702,
                "z": 0.25531506538391116
            },
            "_motionPos": {
                "x": -3.773672929696659e-8,
                "y": -3.773672929696659e-8,
                "z": 0.863315761089325
            },
            "_extraTrajName": [],
            "_extraTrajPos": []
        },
        {
            "_time": 1.004507064819336,
            "_type": 8,
            "_blend": 0,
            "_customData": 0,
            "_offPos": {
                "x": 0.008558571338653565,
                "y": -0.822690486907959,
                "z": -0.11444854736328125
            },
            "_motionPos": {
                "x": -5.5241862639832109e-8,
                "y": -5.5241862639832109e-8,
                "z": 1.2637864351272584
            },
            "_extraTrajName": [],
            "_extraTrajPos": []
        }
    ],
    "_zoneList": [
        {
            "_timeSpan": {
                "x": -0.0032846778631210329,
                "y": 1.3450583219528199
            },
            "_name": "Move",
            "_nameHash": 0,
            "_beginMotionPos": {
                "x": 0.0,
                "y": 0.0,
                "z": 0.0
            },
            "_endMotionPos": {
                "x": -7.309618865747325e-8,
                "y": -7.309618865747325e-8,
                "z": 1.672245740890503
            }
        },
        {
            "_timeSpan": {
                "x": -0.0021739155054092409,
                "y": 1.3492175340652466
            },
            "_name": "Walk",
            "_nameHash": 0,
            "_beginMotionPos": {
                "x": 0.0,
                "y": 0.0,
                "z": 0.0
            },
            "_endMotionPos": {
                "x": -7.309618865747325e-8,
                "y": -7.309618865747325e-8,
                "z": 1.672245740890503
            }
        },
        {
            "_timeSpan": {
                "x": -0.0019999910145998,
                "y": 0.12299990653991699
            },
            "_name": "RunbsMirror",
            "_nameHash": 0,
            "_beginMotionPos": {
                "x": 0.0,
                "y": 0.0,
                "z": 0.0
            },
            "_endMotionPos": {
                "x": -6.764256710312111e-9,
                "y": -6.764256710312111e-9,
                "z": 0.15474815666675569
            }
        },
        {
            "_timeSpan": {
                "x": 0.025000015273690225,
                "y": 0.5737646222114563
            },
            "_name": "RightFootHillIK",
            "_nameHash": 0,
            "_beginMotionPos": {
                "x": -1.374851010815803e-9,
                "y": -1.374851010815803e-9,
                "z": 0.03145292028784752
            },
            "_endMotionPos": {
                "x": -3.155360772666427e-8,
                "y": -3.155360772666427e-8,
                "z": 0.7218624949455261
            }
        },
        {
            "_timeSpan": {
                "x": 0.12299995869398117,
                "y": 0.7860000729560852
            },
            "_name": "Runbs",
            "_nameHash": 0,
            "_beginMotionPos": {
                "x": -6.76425981893658e-9,
                "y": -6.76425981893658e-9,
                "z": 0.15474821627140046
            },
            "_endMotionPos": {
                "x": -4.322528468492237e-8,
                "y": -4.322528468492237e-8,
                "z": 0.9888794422149658
            }
        },
        {
            "_timeSpan": {
                "x": 0.6750000715255737,
                "y": 1.3599998950958253
            },
            "_name": "LeftJump",
            "_nameHash": 0,
            "_beginMotionPos": {
                "x": -3.712095164587481e-8,
                "y": -3.712095164587481e-8,
                "z": 0.8492285013198853
            },
            "_endMotionPos": {
                "x": -7.309618865747325e-8,
                "y": -7.309618865747325e-8,
                "z": 1.672245740890503
            }
        },
        {
            "_timeSpan": {
                "x": 0.6860001087188721,
                "y": 1.2401177883148194
            },
            "_name": "LeftFootHillIK",
            "_nameHash": 0,
            "_beginMotionPos": {
                "x": -3.772588641481889e-8,
                "y": -3.772588641481889e-8,
                "z": 0.8630678057670593
            },
            "_endMotionPos": {
                "x": -6.819902154120428e-8,
                "y": -6.819902154120428e-8,
                "z": 1.5602117776870728
            }
        },
        {
            "_timeSpan": {
                "x": 0.7870000600814819,
                "y": 1.354000210762024
            },
            "_name": "RunbsMirror",
            "_nameHash": 0,
            "_beginMotionPos": {
                "x": -4.3280277139956527e-8,
                "y": -4.3280277139956527e-8,
                "z": 0.9901375770568848
            },
            "_endMotionPos": {
                "x": -7.309618865747325e-8,
                "y": -7.309618865747325e-8,
                "z": 1.672245740890503
            }
        }
    ]
}