{
    "_phaseList": [
        {
            "_time": 0.08300000429153443,
            "_type": 9,
            "_blend": 0,
            "_customData": 0,
            "_offPos": {
                "x": 0.09342826157808304,
                "y": -0.4530123770236969,
                "z": 0.18581242859363557
            },
            "_motionPos": {
                "x": 0.0,
                "y": 0.0,
                "z": 0.515470564365387
            },
            "_extraTrajName": [],
            "_extraTrajPos": []
        },
        {
            "_time": 0.6430000066757202,
            "_type": 1999,
            "_blend": 0,
            "_customData": 1,
            "_offPos": {
                "x": 0.0,
                "y": 0.0,
                "z": 0.0
            },
            "_motionPos": {
                "x": 0.0,
                "y": 0.0,
                "z": 0.0
            },
            "_extraTrajName": [],
            "_extraTrajPos": []
        },
        {
            "_time": 0.8800000548362732,
            "_type": 1,
            "_blend": 0,
            "_customData": 0,
            "_offPos": {
                "x": -0.14138713479042054,
                "y": -0.47909441590309145,
                "z": 0.27293598651885989
            },
            "_motionPos": {
                "x": 0.0,
                "y": 0.0,
                "z": 0.21050149202346803
            },
            "_extraTrajName": [],
            "_extraTrajPos": []
        }
    ],
    "_zoneList": [
        {
            "_timeSpan": {
                "x": -0.0029999911785125734,
                "y": 0.999000072479248
            },
            "_name": "Climb",
            "_beginMotionPos": {
                "x": 0.0,
                "y": 0.0,
                "z": 0.0
            },
            "_endMotionPos": {
                "x": 0.0,
                "y": 0.0,
                "z": 0.0
            }
        }
    ]
}