{
    "_phaseList": [
        {
            "_time": 0.20250000059604646,
            "_type": 1,
            "_blend": 0,
            "_customData": 0,
            "_offPos": {
                "x": -0.024689065292477609,
                "y": -0.8058038353919983,
                "z": -0.04952603578567505
            },
            "_motionPos": {
                "x": 0.0,
                "y": 0.0,
                "z": 1.4764529466629029
            },
            "_extraTrajName": [],
            "_extraTrajPos": []
        },
        {
            "_time": 0.4458923637866974,
            "_type": 2,
            "_blend": 0,
            "_customData": 0,
            "_offPos": {
                "x": 0.024691592901945115,
                "y": -0.8058037161827087,
                "z": -0.0495259165763855
            },
            "_motionPos": {
                "x": 0.0,
                "y": 0.0,
                "z": 3.251054048538208
            },
            "_extraTrajName": [],
            "_extraTrajPos": []
        }
    ],
    "_zoneList": [
        {
            "_timeSpan": {
                "x": 3.725290298461914e-9,
                "y": 0.4725000560283661
            },
            "_name": "Move",
            "_nameHash": 0,
            "_beginMotionPos": {
                "x": 0.0,
                "y": 0.0,
                "z": 1.3580773838839378e-8
            },
            "_endMotionPos": {
                "x": 0.0,
                "y": 0.0,
                "z": 3.4025216102600099
            }
        },
        {
            "_timeSpan": {
                "x": 1.2922100722789765e-8,
                "y": 0.4749999940395355
            },
            "_name": "Sprint",
            "_nameHash": 0,
            "_beginMotionPos": {
                "x": 0.0,
                "y": 0.0,
                "z": 4.710836165600085e-8
            },
            "_endMotionPos": {
                "x": 0.0,
                "y": 0.0,
                "z": 3.4025216102600099
            }
        }
    ]
}