{
    "_phaseList": [
        {
            "_time": 0.5250000357627869,
            "_type": 1,
            "_blend": 0,
            "_customData": 0,
            "_offPos": {
                "x": -0.02468905784189701,
                "y": -0.8058038353919983,
                "z": -0.04952603578567505
            },
            "_motionPos": {
                "x": 0.0,
                "y": 0.0,
                "z": 3.0467944145202638
            },
            "_extraTrajName": [],
            "_extraTrajPos": []
        },
        {
            "_time": 0.8540000319480896,
            "_type": 8,
            "_blend": 1,
            "_customData": 0,
            "_offPos": {
                "x": -0.02468905784189701,
                "y": -0.8058038353919983,
                "z": -0.04952603578567505
            },
            "_motionPos": {
                "x": 0.0,
                "y": 0.0,
                "z": 3.472252368927002
            },
            "_extraTrajName": [],
            "_extraTrajPos": []
        },
        {
            "_time": 1.093000054359436,
            "_type": 2,
            "_blend": 1,
            "_customData": 0,
            "_offPos": {
                "x": 0.02469160035252571,
                "y": -0.8058037161827087,
                "z": -0.0495259165763855
            },
            "_motionPos": {
                "x": 0.0,
                "y": 0.0,
                "z": 2.1566998958587648
            },
            "_extraTrajName": [],
            "_extraTrajPos": []
        },
        {
            "_time": 1.187000036239624,
            "_type": 9,
            "_blend": 1,
            "_customData": 0,
            "_offPos": {
                "x": 0.02469160035252571,
                "y": -0.8058037161827087,
                "z": -0.0495259165763855
            },
            "_motionPos": {
                "x": 0.0,
                "y": 0.0,
                "z": 1.6098090410232545
            },
            "_extraTrajName": [],
            "_extraTrajPos": []
        }
    ],
    "_zoneList": [
        {
            "_timeSpan": {
                "x": -0.005999989807605743,
                "y": 1.2669999599456788
            },
            "_name": "Move",
            "_nameHash": 0,
            "_beginMotionPos": {
                "x": 0.0,
                "y": 0.0,
                "z": 0.0
            },
            "_endMotionPos": {
                "x": 0.0,
                "y": 0.0,
                "z": 1.2432767152786255
            }
        },
        {
            "_timeSpan": {
                "x": -0.0049999915063381199,
                "y": 1.2699999809265137
            },
            "_name": "Run",
            "_nameHash": 0,
            "_beginMotionPos": {
                "x": 0.0,
                "y": 0.0,
                "z": 0.0
            },
            "_endMotionPos": {
                "x": 0.0,
                "y": 0.0,
                "z": 1.2432767152786255
            }
        },
        {
            "_timeSpan": {
                "x": -0.003999989479780197,
                "y": 0.05499999225139618
            },
            "_name": "LeftJump",
            "_nameHash": 0,
            "_beginMotionPos": {
                "x": 0.0,
                "y": 0.0,
                "z": 0.0
            },
            "_endMotionPos": {
                "x": 0.0,
                "y": 0.0,
                "z": 0.3169153332710266
            }
        },
        {
            "_timeSpan": {
                "x": 0.41200003027915957,
                "y": 0.9539999961853027
            },
            "_name": "LeftJump",
            "_nameHash": 0,
            "_beginMotionPos": {
                "x": 0.0,
                "y": 0.0,
                "z": 2.371649980545044
            },
            "_endMotionPos": {
                "x": 0.0,
                "y": 0.0,
                "z": 2.9784903526306154
            }
        }
    ]
}