{
    "_phaseList": [],
    "_zoneList": [
        {
            "_timeSpan": {
                "x": 1.4901161193847657e-8,
                "y": 0.29999998211860659
            },
            "_name": "PrepareClimb",
            "_nameHash": 0,
            "_beginMotionPos": {
                "x": 0.0,
                "y": -7.415472102044825e-28,
                "z": 0.0
            },
            "_endMotionPos": {
                "x": 0.0,
                "y": 0.8406025171279907,
                "z": 0.0
            }
        }
    ]
}