{
    "_phaseList": [],
    "_zoneList": [
        {
            "_timeSpan": {
                "x": -0.00368422269821167,
                "y": 0.7952631115913391
            },
            "_name": "Sprint",
            "_nameHash": 0,
            "_beginMotionPos": {
                "x": 0.0,
                "y": 0.0,
                "z": 0.0
            },
            "_endMotionPos": {
                "x": -9.132226352903672e-8,
                "y": -9.126018341021336e-8,
                "z": 5.473073959350586
            }
        }
    ]
}