{
    "_phaseList": [
        {
            "_time": 0.5130000114440918,
            "_type": 8,
            "_blend": 0,
            "_customData": 0,
            "_offPos": {
                "x": -0.02468905784189701,
                "y": -0.8058038353919983,
                "z": -0.04952603578567505
            },
            "_motionPos": {
                "x": -1.4347739352160716e-7,
                "y": -1.4705952366966813e-7,
                "z": 3.2644336223602297
            },
            "_extraTrajName": [],
            "_extraTrajPos": []
        },
        {
            "_time": 0.796000063419342,
            "_type": 2,
            "_blend": 0,
            "_customData": 0,
            "_offPos": {
                "x": 0.02469160035252571,
                "y": -0.8058037161827087,
                "z": -0.0495259165763855
            },
            "_motionPos": {
                "x": -0.0027924594469368459,
                "y": -2.1141127604096256e-7,
                "z": 4.833688735961914
            },
            "_extraTrajName": [],
            "_extraTrajPos": []
        },
        {
            "_time": 0.8870000243186951,
            "_type": 9,
            "_blend": 0,
            "_customData": 0,
            "_offPos": {
                "x": 0.02469160035252571,
                "y": -0.8058037161827087,
                "z": -0.0495259165763855
            },
            "_motionPos": {
                "x": -0.005581613630056381,
                "y": -2.345861673802574e-7,
                "z": 5.365326404571533
            },
            "_extraTrajName": [],
            "_extraTrajPos": []
        }
    ],
    "_zoneList": [
        {
            "_timeSpan": {
                "x": -0.0169999897480011,
                "y": 1.1150000095367432
            },
            "_name": "Move",
            "_nameHash": 0,
            "_beginMotionPos": {
                "x": 0.0,
                "y": 0.0,
                "z": 0.0
            },
            "_endMotionPos": {
                "x": -0.01170614454895258,
                "y": -2.8359423254187279e-7,
                "z": 6.487834453582764
            }
        },
        {
            "_timeSpan": {
                "x": 0.4819999933242798,
                "y": 0.6779999732971191
            },
            "_name": "LeftJump",
            "_nameHash": 0,
            "_beginMotionPos": {
                "x": -1.3976575985452656e-7,
                "y": -1.4085041755151907e-7,
                "z": 3.091038227081299
            },
            "_endMotionPos": {
                "x": -0.0003770068287849426,
                "y": -1.8199990847733717e-7,
                "z": 4.160259246826172
            }
        },
        {
            "_timeSpan": {
                "x": 0.48499995470046999,
                "y": 1.1419999599456788
            },
            "_name": "Run",
            "_nameHash": 0,
            "_beginMotionPos": {
                "x": -1.4022847949490825e-7,
                "y": -1.4147848048651213e-7,
                "z": 3.1079673767089845
            },
            "_endMotionPos": {
                "x": -0.01170614454895258,
                "y": -2.8359423254187279e-7,
                "z": 6.487834453582764
            }
        },
        {
            "_timeSpan": {
                "x": 0.9860000014305115,
                "y": 1.1110000610351563
            },
            "_name": "LeftJump",
            "_nameHash": 0,
            "_beginMotionPos": {
                "x": -0.008862912654876709,
                "y": -2.5992991936618639e-7,
                "z": 5.9464521408081059
            },
            "_endMotionPos": {
                "x": -0.01170614454895258,
                "y": -2.8359423254187279e-7,
                "z": 6.487834453582764
            }
        }
    ]
}