{
    "_phaseList": [
        {
            "_time": 0.5400000214576721,
            "_type": 8,
            "_blend": 0,
            "_customData": 0,
            "_offPos": {
                "x": -0.024675114080309869,
                "y": -0.8057738542556763,
                "z": -0.0498732328414917
            },
            "_motionPos": {
                "x": 0.0,
                "y": 0.0,
                "z": 3.0253238677978517
            },
            "_extraTrajName": [],
            "_extraTrajPos": []
        },
        {
            "_time": 0.7750000357627869,
            "_type": 2,
            "_blend": 0,
            "_customData": 0,
            "_offPos": {
                "x": 0.024691537022590638,
                "y": -0.8058037161827087,
                "z": -0.04952597618103027
            },
            "_motionPos": {
                "x": 0.0,
                "y": 0.0,
                "z": 4.3719916343688969
            },
            "_extraTrajName": [],
            "_extraTrajPos": []
        },
        {
            "_time": 0.8630000352859497,
            "_type": 9,
            "_blend": 0,
            "_customData": 0,
            "_offPos": {
                "x": 0.024691537022590638,
                "y": -0.8058037161827087,
                "z": -0.04952597618103027
            },
            "_motionPos": {
                "x": 0.0,
                "y": 0.0,
                "z": 4.886335849761963
            },
            "_extraTrajName": [],
            "_extraTrajPos": []
        }
    ],
    "_zoneList": [
        {
            "_timeSpan": {
                "x": -0.010999977588653565,
                "y": 1.0750001668930054
            },
            "_name": "Move",
            "_nameHash": 0,
            "_beginMotionPos": {
                "x": 0.0,
                "y": 0.0,
                "z": 0.0
            },
            "_endMotionPos": {
                "x": 0.0,
                "y": 0.0,
                "z": 6.072442054748535
            }
        },
        {
            "_timeSpan": {
                "x": -0.003999993205070496,
                "y": 1.0809999704360963
            },
            "_name": "Run",
            "_nameHash": 0,
            "_beginMotionPos": {
                "x": 0.0,
                "y": 0.0,
                "z": 0.0
            },
            "_endMotionPos": {
                "x": 0.0,
                "y": 0.0,
                "z": 6.072442054748535
            }
        },
        {
            "_timeSpan": {
                "x": 0.3400000333786011,
                "y": 0.6710000038146973
            },
            "_name": "LeftJump",
            "_nameHash": 0,
            "_beginMotionPos": {
                "x": 0.0,
                "y": 0.0,
                "z": 1.9083305597305298
            },
            "_endMotionPos": {
                "x": 0.0,
                "y": 0.0,
                "z": 3.769070625305176
            }
        },
        {
            "_timeSpan": {
                "x": 0.9810002446174622,
                "y": 1.0460001230239869
            },
            "_name": "LeftJump",
            "_nameHash": 0,
            "_beginMotionPos": {
                "x": 0.0,
                "y": 0.0,
                "z": 5.5759124755859379
            },
            "_endMotionPos": {
                "x": 0.0,
                "y": 0.0,
                "z": 5.953086853027344
            }
        }
    ]
}