{
    "_phaseList": [
        {
            "_time": 0.17999999225139619,
            "_type": 2,
            "_blend": 0,
            "_customData": 0,
            "_offPos": {
                "x": 0.024691592901945115,
                "y": -0.8058037161827087,
                "z": -0.0495259165763855
            },
            "_motionPos": {
                "x": -2.865805370788621e-9,
                "y": -2.865805370788621e-9,
                "z": 1.0400426387786866
            },
            "_extraTrajName": [],
            "_extraTrajPos": []
        },
        {
            "_time": 1.646938681602478,
            "_type": 1,
            "_blend": 1,
            "_customData": 0,
            "_offPos": {
                "x": -0.024689065292477609,
                "y": -0.8058038353919983,
                "z": -0.04952603578567505
            },
            "_motionPos": {
                "x": -8.977873022786298e-8,
                "y": -8.977873022786298e-8,
                "z": 4.715480804443359
            },
            "_extraTrajName": [],
            "_extraTrajPos": []
        },
        {
            "_time": 2.1469388008117677,
            "_type": 2,
            "_blend": 1,
            "_customData": 0,
            "_offPos": {
                "x": 0.024691592901945115,
                "y": -0.8058037161827087,
                "z": -0.0495259165763855
            },
            "_motionPos": {
                "x": -9.488765329024318e-8,
                "y": -9.488765329024318e-8,
                "z": 5.344493865966797
            },
            "_extraTrajName": [],
            "_extraTrajPos": []
        }
    ],
    "_zoneList": [
        {
            "_timeSpan": {
                "x": -0.0021739304065704347,
                "y": 0.7865713834762573
            },
            "_name": "Run",
            "_nameHash": 0,
            "_beginMotionPos": {
                "x": 0.0,
                "y": 0.0,
                "z": 0.0
            },
            "_endMotionPos": {
                "x": -4.5147832139491587e-8,
                "y": -4.5147832139491587e-8,
                "z": 3.6238136291503908
            }
        },
        {
            "_timeSpan": {
                "x": -0.0018248429987579585,
                "y": 2.3101816177368166
            },
            "_name": "Move",
            "_nameHash": 0,
            "_beginMotionPos": {
                "x": 0.0,
                "y": 0.0,
                "z": 0.0
            },
            "_endMotionPos": {
                "x": -9.628025310348676e-8,
                "y": -9.628025310348676e-8,
                "z": 5.5160932540893559
            }
        },
        {
            "_timeSpan": {
                "x": 0.2160000205039978,
                "y": 0.6779999732971191
            },
            "_name": "LeftJump",
            "_nameHash": 0,
            "_beginMotionPos": {
                "x": -3.886390764762382e-9,
                "y": -3.886390764762382e-9,
                "z": 1.2480511665344239
            },
            "_endMotionPos": {
                "x": -3.810907855950063e-8,
                "y": -3.810907855950063e-8,
                "z": 3.4787564277648927
            }
        },
        {
            "_timeSpan": {
                "x": 0.7887860536575317,
                "y": 2.3043031692504885
            },
            "_name": "Walk",
            "_nameHash": 0,
            "_beginMotionPos": {
                "x": -4.5241041135568597e-8,
                "y": -4.5241041135568597e-8,
                "z": 3.626278877258301
            },
            "_endMotionPos": {
                "x": -9.628025310348676e-8,
                "y": -9.628025310348676e-8,
                "z": 5.5160932540893559
            }
        },
        {
            "_timeSpan": {
                "x": 1.6474488973617554,
                "y": 2.05808162689209
            },
            "_name": "LeftJump",
            "_nameHash": 0,
            "_beginMotionPos": {
                "x": -8.978512511248482e-8,
                "y": -8.978512511248482e-8,
                "z": 4.71612024307251
            },
            "_endMotionPos": {
                "x": -9.398041811436997e-8,
                "y": -9.398041811436997e-8,
                "z": 5.232701301574707
            }
        }
    ]
}