{
    "_phaseList": [
        {
            "_time": 0.5250000357627869,
            "_type": 1,
            "_blend": 0,
            "_customData": 0,
            "_offPos": {
                "x": 0.038006000220775607,
                "y": -0.7571168541908264,
                "z": 0.25888609886169436
            },
            "_motionPos": {
                "x": 0.0,
                "y": 0.0,
                "z": 3.0467944145202638
            },
            "_extraTrajName": [],
            "_extraTrajPos": []
        },
        {
            "_time": 0.8540000319480896,
            "_type": 8,
            "_blend": 1,
            "_customData": 0,
            "_offPos": {
                "x": 0.012036256492137909,
                "y": -0.6242637634277344,
                "z": 0.2689039707183838
            },
            "_motionPos": {
                "x": 0.0,
                "y": 0.0,
                "z": 3.472252368927002
            },
            "_extraTrajName": [],
            "_extraTrajPos": []
        },
        {
            "_time": 1.093000054359436,
            "_type": 2,
            "_blend": 1,
            "_customData": 0,
            "_offPos": {
                "x": 0.015120932832360268,
                "y": -0.7505267858505249,
                "z": -0.3294023275375366
            },
            "_motionPos": {
                "x": 0.0,
                "y": 0.0,
                "z": 2.1566998958587648
            },
            "_extraTrajName": [],
            "_extraTrajPos": []
        },
        {
            "_time": 1.187000036239624,
            "_type": 9,
            "_blend": 1,
            "_customData": 0,
            "_offPos": {
                "x": 0.023098694160580636,
                "y": -0.6758967041969299,
                "z": 0.14480912685394288
            },
            "_motionPos": {
                "x": 0.0,
                "y": 0.0,
                "z": 1.6098090410232545
            },
            "_extraTrajName": [],
            "_extraTrajPos": []
        }
    ],
    "_zoneList": [
        {
            "_timeSpan": {
                "x": -0.005999989807605743,
                "y": 1.2669999599456788
            },
            "_name": "Move",
            "_nameHash": 0,
            "_beginMotionPos": {
                "x": 0.0,
                "y": 0.0,
                "z": 0.0
            },
            "_endMotionPos": {
                "x": 0.0,
                "y": 0.0,
                "z": 1.2432767152786255
            }
        },
        {
            "_timeSpan": {
                "x": -0.0049999915063381199,
                "y": 1.2699999809265137
            },
            "_name": "Run",
            "_nameHash": 0,
            "_beginMotionPos": {
                "x": 0.0,
                "y": 0.0,
                "z": 0.0
            },
            "_endMotionPos": {
                "x": 0.0,
                "y": 0.0,
                "z": 1.2432767152786255
            }
        },
        {
            "_timeSpan": {
                "x": -0.003999989479780197,
                "y": 0.05499999225139618
            },
            "_name": "LeftJump",
            "_nameHash": 0,
            "_beginMotionPos": {
                "x": 0.0,
                "y": 0.0,
                "z": 0.0
            },
            "_endMotionPos": {
                "x": 0.0,
                "y": 0.0,
                "z": 0.3169153332710266
            }
        },
        {
            "_timeSpan": {
                "x": 0.41200003027915957,
                "y": 0.9539999961853027
            },
            "_name": "LeftJump",
            "_nameHash": 0,
            "_beginMotionPos": {
                "x": 0.0,
                "y": 0.0,
                "z": 2.371649980545044
            },
            "_endMotionPos": {
                "x": 0.0,
                "y": 0.0,
                "z": 2.9784903526306154
            }
        }
    ]
}