{
    "_phaseList": [
        {
            "_time": 0.5032786726951599,
            "_type": 1,
            "_blend": 1,
            "_customData": 0,
            "_offPos": {
                "x": -0.024689173325896264,
                "y": -0.8058038353919983,
                "z": -0.0495261549949646
            },
            "_motionPos": {
                "x": 0.0,
                "y": 0.0,
                "z": 2.907954216003418
            },
            "_extraTrajName": [],
            "_extraTrajPos": []
        }
    ],
    "_zoneList": [
        {
            "_timeSpan": {
                "x": -0.003684215247631073,
                "y": 0.7215789556503296
            },
            "_name": "Run",
            "_nameHash": 0,
            "_beginMotionPos": {
                "x": 0.0,
                "y": 0.0,
                "z": 0.0
            },
            "_endMotionPos": {
                "x": 0.0,
                "y": 0.0,
                "z": 4.116262435913086
            }
        }
    ]
}