{
    "_phaseList": [
        {
            "_time": 0.05000000074505806,
            "_type": 1,
            "_blend": 1,
            "_customData": 0,
            "_offPos": {
                "x": -0.02468905784189701,
                "y": -0.8058038353919983,
                "z": -0.04952603578567505
            },
            "_motionPos": {
                "x": 1.1297490720707515e-9,
                "y": 1.1297490720707515e-9,
                "z": 0.061550140380859378
            },
            "_extraTrajName": [],
            "_extraTrajPos": []
        },
        {
            "_time": 0.36500000953674319,
            "_type": 8,
            "_blend": 2,
            "_customData": 0,
            "_offPos": {
                "x": -0.02468905784189701,
                "y": -0.8058038353919983,
                "z": -0.04952603578567505
            },
            "_motionPos": {
                "x": 3.497324740919794e-8,
                "y": 3.497324740919794e-8,
                "z": 0.4277384281158447
            },
            "_extraTrajName": [],
            "_extraTrajPos": []
        },
        {
            "_time": 0.534000039100647,
            "_type": 2,
            "_blend": 1,
            "_customData": 0,
            "_offPos": {
                "x": 0.02469160035252571,
                "y": -0.8058037161827087,
                "z": -0.0495259165763855
            },
            "_motionPos": {
                "x": 4.588302005004152e-8,
                "y": 4.588302005004152e-8,
                "z": 0.6444027423858643
            },
            "_extraTrajName": [],
            "_extraTrajPos": []
        }
    ],
    "_zoneList": [
        {
            "_timeSpan": {
                "x": -0.026000017300248147,
                "y": 0.4979998767375946
            },
            "_name": "Walk",
            "_nameHash": 0,
            "_beginMotionPos": {
                "x": 0.0,
                "y": 0.0,
                "z": 0.0
            },
            "_endMotionPos": {
                "x": 4.527293029354951e-8,
                "y": 4.527293029354951e-8,
                "z": 0.5952820777893066
            }
        },
        {
            "_timeSpan": {
                "x": -0.023999975994229318,
                "y": 1.4010000228881837
            },
            "_name": "Move",
            "_nameHash": 0,
            "_beginMotionPos": {
                "x": 0.0,
                "y": 0.0,
                "z": 0.0
            },
            "_endMotionPos": {
                "x": -1.6776566269527394e-7,
                "y": -1.6776566269527394e-7,
                "z": 4.655806541442871
            }
        },
        {
            "_timeSpan": {
                "x": -0.00499996542930603,
                "y": 0.4930000305175781
            },
            "_name": "LeftJump",
            "_nameHash": 0,
            "_beginMotionPos": {
                "x": 0.0,
                "y": 0.0,
                "z": 0.0
            },
            "_endMotionPos": {
                "x": 4.5099046275254298e-8,
                "y": 4.5099046275254298e-8,
                "z": 0.5886087417602539
            }
        },
        {
            "_timeSpan": {
                "x": 0.4989999532699585,
                "y": 1.3930000066757203
            },
            "_name": "Run",
            "_nameHash": 0,
            "_beginMotionPos": {
                "x": 4.530523156631716e-8,
                "y": 4.530523156631716e-8,
                "z": 0.596621036529541
            },
            "_endMotionPos": {
                "x": -1.6776566269527394e-7,
                "y": -1.6776566269527394e-7,
                "z": 4.655806541442871
            }
        },
        {
            "_timeSpan": {
                "x": 0.9190000891685486,
                "y": 1.222000002861023
            },
            "_name": "LeftJump",
            "_nameHash": 0,
            "_beginMotionPos": {
                "x": -5.072328335131715e-8,
                "y": -5.072328335131715e-8,
                "z": 1.977837324142456
            },
            "_endMotionPos": {
                "x": -1.2715742059299374e-7,
                "y": -1.2715742059299374e-7,
                "z": 3.727217674255371
            }
        }
    ]
}