{
    "_phaseList": [
        {
            "_time": 0.1763157993555069,
            "_type": 2,
            "_blend": 0,
            "_customData": 0,
            "_offPos": {
                "x": -0.01848849654197693,
                "y": -0.7657907009124756,
                "z": 0.3062887191772461
            },
            "_motionPos": {
                "x": -4.355979399406351e-8,
                "y": -4.355982241577294e-8,
                "z": 0.9965314865112305
            },
            "_extraTrajName": [],
            "_extraTrajPos": []
        },
        {
            "_time": 0.5013158321380615,
            "_type": 1,
            "_blend": 0,
            "_customData": 0,
            "_offPos": {
                "x": 0.020047396421432496,
                "y": -0.7628389596939087,
                "z": 0.3205447196960449
            },
            "_motionPos": {
                "x": -1.2491267398218043e-7,
                "y": -1.2491270240388986e-7,
                "z": 2.857667922973633
            },
            "_extraTrajName": [],
            "_extraTrajPos": []
        },
        {
            "_time": 1.219736933708191,
            "_type": 2,
            "_blend": 1,
            "_customData": 0,
            "_offPos": {
                "x": 0.01932893693447113,
                "y": -0.6989978551864624,
                "z": 0.3623935580253601
            },
            "_motionPos": {
                "x": -3.1667067901253179e-7,
                "y": -3.166707074342412e-7,
                "z": 7.423219203948975
            },
            "_extraTrajName": [],
            "_extraTrajPos": []
        },
        {
            "_time": 1.4713287353515626,
            "_type": 1,
            "_blend": 1,
            "_customData": 0,
            "_offPos": {
                "x": -0.022914934903383256,
                "y": -0.7302528023719788,
                "z": 0.31123292446136477
            },
            "_motionPos": {
                "x": -3.3501027019156029e-7,
                "y": -3.3501027019156029e-7,
                "z": 9.23560619354248
            },
            "_extraTrajName": [],
            "_extraTrajPos": []
        }
    ],
    "_zoneList": [
        {
            "_timeSpan": {
                "x": -0.003999984357506037,
                "y": 0.8325001001358032
            },
            "_name": "Run",
            "_nameHash": 0,
            "_beginMotionPos": {
                "x": 0.0,
                "y": 0.0,
                "z": 0.0
            },
            "_endMotionPos": {
                "x": -2.129694394170656e-7,
                "y": -2.1296946783877503e-7,
                "z": 4.872171878814697
            }
        },
        {
            "_timeSpan": {
                "x": 0.8335000276565552,
                "y": 1.725342869758606
            },
            "_name": "Sprint",
            "_nameHash": 0,
            "_beginMotionPos": {
                "x": -2.132530596554716e-7,
                "y": -2.132530738663263e-7,
                "z": 4.878660202026367
            },
            "_endMotionPos": {
                "x": -3.3316263170490858e-7,
                "y": -3.3316263170490858e-7,
                "z": 11.024393081665039
            }
        }
    ]
}