{
    "_phaseList": [
        {
            "_time": 0.026000000536441804,
            "_type": 2,
            "_blend": 0,
            "_customData": 0,
            "_offPos": {
                "x": -0.01814514771103859,
                "y": -0.753346860408783,
                "z": 0.2558138370513916
            },
            "_motionPos": {
                "x": -1.4721710517306975e-9,
                "y": -1.4721710517306975e-9,
                "z": 0.03236672282218933
            },
            "_extraTrajName": [],
            "_extraTrajPos": []
        },
        {
            "_time": 0.36000001430511477,
            "_type": 9,
            "_blend": 0,
            "_customData": 0,
            "_offPos": {
                "x": -0.010255426168441773,
                "y": -0.7995532751083374,
                "z": -0.10024610161781311
            },
            "_motionPos": {
                "x": -2.038391500036596e-8,
                "y": -2.038391500036596e-8,
                "z": 0.4481546878814697
            },
            "_extraTrajName": [],
            "_extraTrajPos": []
        },
        {
            "_time": 0.6861972212791443,
            "_type": 1,
            "_blend": 0,
            "_customData": 0,
            "_offPos": {
                "x": 0.020890893414616586,
                "y": -0.7547577023506165,
                "z": 0.24980098009109498
            },
            "_motionPos": {
                "x": -3.885384103341494e-8,
                "y": -3.885384103341494e-8,
                "z": 0.8542290925979614
            },
            "_extraTrajName": [],
            "_extraTrajPos": []
        },
        {
            "_time": 1.027225136756897,
            "_type": 8,
            "_blend": 0,
            "_customData": 0,
            "_offPos": {
                "x": 0.004671359434723854,
                "y": -0.7956863641738892,
                "z": -0.13236534595489503
            },
            "_motionPos": {
                "x": -5.816349002429888e-8,
                "y": -5.816349002429888e-8,
                "z": 1.2787654399871827
            },
            "_extraTrajName": [],
            "_extraTrajPos": []
        }
    ],
    "_zoneList": [
        {
            "_timeSpan": {
                "x": -0.0133333345875144,
                "y": 0.3333333730697632
            },
            "_name": "WalkStopRight1",
            "_nameHash": 0,
            "_beginMotionPos": {
                "x": 0.0,
                "y": 0.0,
                "z": 0.0
            },
            "_endMotionPos": {
                "x": -1.8873995699664193e-8,
                "y": -1.8873995699664193e-8,
                "z": 0.41495808959007265
            }
        },
        {
            "_timeSpan": {
                "x": -0.0019999910145998,
                "y": 0.12299990653991699
            },
            "_name": "RunbsMirror",
            "_nameHash": 0,
            "_beginMotionPos": {
                "x": 0.0,
                "y": 0.0,
                "z": 0.0
            },
            "_endMotionPos": {
                "x": -6.964496535033504e-9,
                "y": -6.964496535033504e-9,
                "z": 0.15311938524246217
            }
        },
        {
            "_timeSpan": {
                "x": 0.0,
                "y": 1.3333334922790528
            },
            "_name": "Walk",
            "_nameHash": 0,
            "_beginMotionPos": {
                "x": 0.0,
                "y": 0.0,
                "z": 0.0
            },
            "_endMotionPos": {
                "x": -7.52600186615382e-8,
                "y": -7.52600186615382e-8,
                "z": 1.6546447277069092
            }
        },
        {
            "_timeSpan": {
                "x": 0.025000015273690225,
                "y": 0.5066667199134827
            },
            "_name": "RightFootHillIK",
            "_nameHash": 0,
            "_beginMotionPos": {
                "x": -1.4155498995194194e-9,
                "y": -1.4155498995194194e-9,
                "z": 0.031121868640184404
            },
            "_endMotionPos": {
                "x": -2.868847381876094e-8,
                "y": -2.868847381876094e-8,
                "z": 0.6307362914085388
            }
        },
        {
            "_timeSpan": {
                "x": 0.12299995869398117,
                "y": 0.7860000729560852
            },
            "_name": "Runbs",
            "_nameHash": 0,
            "_beginMotionPos": {
                "x": -6.964499643657973e-9,
                "y": -6.964499643657973e-9,
                "z": 0.15311944484710694
            },
            "_endMotionPos": {
                "x": -4.450486912332963e-8,
                "y": -4.450486912332963e-8,
                "z": 0.978471040725708
            }
        },
        {
            "_timeSpan": {
                "x": 0.3333333730697632,
                "y": 0.6666667461395264
            },
            "_name": "WalkStopRight",
            "_nameHash": 0,
            "_beginMotionPos": {
                "x": -1.8873995699664193e-8,
                "y": -1.8873995699664193e-8,
                "z": 0.41495808959007265
            },
            "_endMotionPos": {
                "x": -3.7747987846614708e-8,
                "y": -3.7747987846614708e-8,
                "z": 0.8299161195755005
            }
        },
        {
            "_timeSpan": {
                "x": 0.6666667461395264,
                "y": 1.3333334922790528
            },
            "_name": "LeftJump",
            "_nameHash": 0,
            "_beginMotionPos": {
                "x": -3.7747987846614708e-8,
                "y": -3.7747987846614708e-8,
                "z": 0.8299161195755005
            },
            "_endMotionPos": {
                "x": -7.52600186615382e-8,
                "y": -7.52600186615382e-8,
                "z": 1.6546447277069092
            }
        },
        {
            "_timeSpan": {
                "x": 0.6666667461395264,
                "y": 1.0000001192092896
            },
            "_name": "WalkStopLeft1",
            "_nameHash": 0,
            "_beginMotionPos": {
                "x": -3.7747987846614708e-8,
                "y": -3.7747987846614708e-8,
                "z": 0.8299161195755005
            },
            "_endMotionPos": {
                "x": -5.662195690092631e-8,
                "y": -5.662195690092631e-8,
                "z": 1.2448738813400269
            }
        },
        {
            "_timeSpan": {
                "x": 0.6860001087188721,
                "y": 1.1600000858306885
            },
            "_name": "LeftFootHillIK",
            "_nameHash": 0,
            "_beginMotionPos": {
                "x": -3.8842681959749828e-8,
                "y": -3.8842681959749828e-8,
                "z": 0.8539837002754211
            },
            "_endMotionPos": {
                "x": -6.568147625785059e-8,
                "y": -6.568147625785059e-8,
                "z": 1.444053292274475
            }
        },
        {
            "_timeSpan": {
                "x": 0.7870001196861267,
                "y": 1.3333334922790528
            },
            "_name": "RunbsMirror",
            "_nameHash": 0,
            "_beginMotionPos": {
                "x": -4.456149582665603e-8,
                "y": -4.456149582665603e-8,
                "z": 0.9797160029411316
            },
            "_endMotionPos": {
                "x": -7.52600186615382e-8,
                "y": -7.52600186615382e-8,
                "z": 1.6546447277069092
            }
        },
        {
            "_timeSpan": {
                "x": 1.0000001192092896,
                "y": 1.3466668128967286
            },
            "_name": "WalkStopLeft",
            "_nameHash": 0,
            "_beginMotionPos": {
                "x": -5.662195690092631e-8,
                "y": -5.662195690092631e-8,