{
    "_phaseList": [
        {
            "_time": 0.1899999976158142,
            "_type": 2,
            "_blend": 0,
            "_customData": 0,
            "_offPos": {
                "x": -0.04056562855839729,
                "y": -0.7548844218254089,
                "z": 0.20186007022857667
            },
            "_motionPos": {
                "x": 0.0,
                "y": 0.0,
                "z": 1.0862679481506348
            },
            "_extraTrajName": [],
            "_extraTrajPos": []
        },
        {
            "_time": 0.30522647500038149,
            "_type": 9,
            "_blend": 0,
            "_customData": 0,
            "_offPos": {
                "x": -0.06679058074951172,
                "y": -0.6440468430519104,
                "z": -0.36613523960113528
            },
            "_motionPos": {
                "x": 0.0,
                "y": 0.0,
                "z": 1.7450404167175294
            },
            "_extraTrajName": [],
            "_extraTrajPos": []
        },
        {
            "_time": 0.527671217918396,
            "_type": 1,
            "_blend": 0,
            "_customData": 0,
            "_offPos": {
                "x": 0.035231899470090869,
                "y": -0.7520745992660523,
                "z": 0.192274808883667
            },
            "_motionPos": {
                "x": 0.0,
                "y": 0.0,
                "z": 3.016801595687866
            },
            "_extraTrajName": [],
            "_extraTrajPos": []
        },
        {
            "_time": 0.6418118476867676,
            "_type": 8,
            "_blend": 0,
            "_customData": 0,
            "_offPos": {
                "x": 0.06179965287446976,
                "y": -0.6432253122329712,
                "z": -0.3757655620574951
            },
            "_motionPos": {
                "x": 0.0,
                "y": 0.0,
                "z": 3.6693663597106935
            },
            "_extraTrajName": [],
            "_extraTrajPos": []
        }
    ],
    "_zoneList": [
        {
            "_timeSpan": {
                "x": -0.005999995395541191,
                "y": 0.05699997767806053
            },
            "_name": "LeftJump",
            "_nameHash": 0,
            "_beginMotionPos": {
                "x": 0.0,
                "y": 0.0,
                "z": 0.0
            },
            "_endMotionPos": {
                "x": 0.0,
                "y": 0.0,
                "z": 0.3258802890777588
            }
        },
        {
            "_timeSpan": {
                "x": -0.0059999823570251469,
                "y": 0.06699998676776886
            },
            "_name": "ToIdleMirror",
            "_nameHash": 0,
            "_beginMotionPos": {
                "x": 0.0,
                "y": 0.0,
                "z": 0.0
            },
            "_endMotionPos": {
                "x": 0.0,
                "y": 0.0,
                "z": 0.3830523192882538
            }
        },
        {
            "_timeSpan": {
                "x": -0.0020000264048576357,
                "y": 0.6849998831748962
            },
            "_name": "Move",
            "_nameHash": 0,
            "_beginMotionPos": {
                "x": 0.0,
                "y": 0.0,
                "z": 0.0
            },
            "_endMotionPos": {
                "x": 0.0,
                "y": 0.0,
                "z": 3.8114664554595949
            }
        },
        {
            "_timeSpan": {
                "x": -0.001999989151954651,
                "y": 0.6859999895095825
            },
            "_name": "Steerable",
            "_nameHash": 0,
            "_beginMotionPos": {
                "x": 0.0,
                "y": 0.0,
                "z": 0.0
            },
            "_endMotionPos": {
                "x": 0.0,
                "y": 0.0,
                "z": 3.8114664554595949
            }
        },
        {
            "_timeSpan": {
                "x": 2.9802322387695315e-8,
                "y": 0.6870000958442688
            },
            "_name": "Run",
            "_nameHash": 0,
            "_beginMotionPos": {
                "x": 0.0,
                "y": 0.0,
                "z": 8.519322847178046e-8
            },
            "_endMotionPos": {
                "x": 0.0,
                "y": 0.0,
                "z": 3.8114664554595949
            }
        },
        {
            "_timeSpan": {
                "x": 0.0690000131726265,
                "y": 0.40199995040893557
            },
            "_name": "ToIdleNotMirror",
            "_nameHash": 0,
            "_beginMotionPos": {
                "x": 0.0,
                "y": 0.0,
                "z": 0.3944868743419647
            },
            "_endMotionPos": {
                "x": 0.0,
                "y": 0.0,
                "z": 2.298313856124878
            }
        },
        {
            "_timeSpan": {
                "x": 0.18050846457481385,
                "y": 0.295244961977005
            },
            "_name": "RightFootHillIK",
            "_nameHash": 0,
            "_beginMotionPos": {
                "x": 0.0,
                "y": 0.0,
                "z": 1.0320029258728028
            },
            "_endMotionPos": {
                "x": 0.0,
                "y": 0.0,
                "z": 1.687974214553833
            }
        },
        {
            "_timeSpan": {
                "x": 0.4010000228881836,
                "y": 0.6910001039505005
            },
            "_name": "LeftJump",
            "_nameHash": 0,
            "_beginMotionPos": {
                "x": 0.0,
                "y": 0.0,
                "z": 2.2925970554351808
            },
            "_endMotionPos": {
                "x": 0.0,
                "y": 0.0,
                "z": 3.8114664554595949
            }
        },
        {
            "_timeSpan": {
                "x": 0.40199998021125796,
                "y": 0.6980000138282776
            },
            "_name": "ToIdleMirror",
            "_nameHash": 0,
            "_beginMotionPos": {
                "x": 0.0,
                "y": 0.0,
                "z": 2.298313856124878
            },
            "_endMotionPos": {
                "x": 0.0,
                "y": 0.0,
                "z": 3.8114664554595949
            }
        },
        {
            "_timeSpan": {
                "x": 0.5137795805931091,
                "y": 0.6246151924133301
            },
            "_name": "LeftFootHillIK",
            "_nameHash": 0,
            "_beginMotionPos": {
                "x": 0.0,
                "y": 0.0,
                "z": 2.937380313873291
            },
            "_endMotionPos": {
                "x": 0.0,
                "y": 0.0,
                "z": 3.571049690246582
            }
        }
    ]
}