{
    "_phaseList": [
        {
            "_time": 0.18105262517929078,
            "_type": 2,
            "_blend": 2,
            "_customData": 0,
            "_offPos": {
                "x": -0.024767598137259485,
                "y": -0.7456278204917908,
                "z": 0.2931286096572876
            },
            "_motionPos": {
                "x": 0.0,
                "y": 0.0,
                "z": 1.03511381149292
            },
            "_extraTrajName": [],
            "_extraTrajPos": []
        }
    ],
    "_zoneList": [
        {
            "_timeSpan": {
                "x": 0.0,
                "y": 0.6666666865348816
            },
            "_name": "Move",
            "_nameHash": 0,
            "_beginMotionPos": {
                "x": 0.0,
                "y": 0.0,
                "z": 0.0
            },
            "_endMotionPos": {
                "x": 0.0,
                "y": 0.0,
                "z": 3.8114664554595949
            }
        },
        {
            "_timeSpan": {
                "x": 0.0,
                "y": 0.6666666865348816
            },
            "_name": "Run",
            "_nameHash": 0,
            "_beginMotionPos": {
                "x": 0.0,
                "y": 0.0,
                "z": 0.0
            },
            "_endMotionPos": {
                "x": 0.0,
                "y": 0.0,
                "z": 3.8114664554595949
            }
        }
    ]
}