{
    "_phaseList": [
        {
            "_time": 0.5130000114440918,
            "_type": 8,
            "_blend": 0,
            "_customData": 0,
            "_offPos": {
                "x": -0.14001420140266419,
                "y": -0.6943340301513672,
                "z": -0.1357358694076538
            },
            "_motionPos": {
                "x": 0.0,
                "y": 0.0,
                "z": 3.222264289855957
            },
            "_extraTrajName": [],
            "_extraTrajPos": []
        },
        {
            "_time": 0.7487999796867371,
            "_type": 2,
            "_blend": 0,
            "_customData": 0,
            "_offPos": {
                "x": -0.005543258041143417,
                "y": -0.7152689695358276,
                "z": 0.2943270206451416
            },
            "_motionPos": {
                "x": 0.0,
                "y": 0.0,
                "z": 4.533447742462158
            },
            "_extraTrajName": [],
            "_extraTrajPos": []
        },
        {
            "_time": 0.8351999521255493,
            "_type": 9,
            "_blend": 0,
            "_customData": 0,
            "_offPos": {
                "x": -0.024337681010365487,
                "y": -0.6601205468177795,
                "z": -0.12623047828674317
            },
            "_motionPos": {
                "x": 0.0,
                "y": 0.0,
                "z": 5.022660732269287
            },
            "_extraTrajName": [],
            "_extraTrajPos": []
        }
    ],
    "_zoneList": [
        {
            "_timeSpan": {
                "x": -0.0169999897480011,
                "y": 1.1150000095367432
            },
            "_name": "Move",
            "_nameHash": 0,
            "_beginMotionPos": {
                "x": 0.0,
                "y": 0.0,
                "z": 0.0
            },
            "_endMotionPos": {
                "x": 0.0,
                "y": 0.0,
                "z": 6.427639961242676
            }
        },
        {
            "_timeSpan": {
                "x": 0.4819999933242798,
                "y": 0.6779999732971191
            },
            "_name": "LeftJump",
            "_nameHash": 0,
            "_beginMotionPos": {
                "x": 0.0,
                "y": 0.0,
                "z": 3.061188220977783
            },
            "_endMotionPos": {
                "x": 0.0,
                "y": 0.0,
                "z": 4.132564067840576
            }
        },
        {
            "_timeSpan": {
                "x": 0.48499995470046999,
                "y": 1.1000001430511475
            },
            "_name": "Run",
            "_nameHash": 0,
            "_beginMotionPos": {
                "x": 0.0,
                "y": 0.0,
                "z": 3.076282262802124
            },
            "_endMotionPos": {
                "x": 0.0,
                "y": 0.0,
                "z": 6.427639961242676
            }
        },
        {
            "_timeSpan": {
                "x": 0.9860000014305115,
                "y": 1.1110000610351563
            },
            "_name": "LeftJump",
            "_nameHash": 0,
            "_beginMotionPos": {
                "x": 0.0,
                "y": 0.0,
                "z": 5.876519203186035
            },
            "_endMotionPos": {
                "x": 0.0,
                "y": 0.0,
                "z": 6.427639961242676
            }
        }
    ]
}