{
    "_phaseList": [
        {
            "_time": 0.026000000536441804,
            "_type": 2,
            "_blend": 0,
            "_customData": 0,
            "_offPos": {
                "x": -0.016621273010969163,
                "y": -0.7540248036384583,
                "z": 0.25089675188064577
            },
            "_motionPos": {
                "x": 0.0,
                "y": 0.0,
                "z": 0.03236672282218933
            },
            "_extraTrajName": [],
            "_extraTrajPos": []
        },
        {
            "_time": 0.36000001430511477,
            "_type": 9,
            "_blend": 0,
            "_customData": 0,
            "_offPos": {
                "x": -0.010563978925347329,
                "y": -0.7992208003997803,
                "z": -0.10287401080131531
            },
            "_motionPos": {
                "x": 0.0,
                "y": 0.0,
                "z": 0.44815462827682497
            },
            "_extraTrajName": [],
            "_extraTrajPos": []
        },
        {
            "_time": 0.6861972212791443,
            "_type": 1,
            "_blend": 0,
            "_customData": 0,
            "_offPos": {
                "x": 0.020816940814256669,
                "y": -0.7546545267105103,
                "z": 0.2500925660133362
            },
            "_motionPos": {
                "x": 0.0,
                "y": 0.0,
                "z": 0.8542289137840271
            },
            "_extraTrajName": [],
            "_extraTrajPos": []
        },
        {
            "_time": 1.004507064819336,
            "_type": 8,
            "_blend": 0,
            "_customData": 0,
            "_offPos": {
                "x": 0.0075681982561945919,
                "y": -0.7974282503128052,
                "z": -0.11587691307067871
            },
            "_motionPos": {
                "x": 0.0,
                "y": 0.0,
                "z": 1.2504843473434449
            },
            "_extraTrajName": [],
            "_extraTrajPos": []
        }
    ],
    "_zoneList": [
        {
            "_timeSpan": {
                "x": -0.0019999910145998,
                "y": 0.12299990653991699
            },
            "_name": "RunbsMirror",
            "_nameHash": 0,
            "_beginMotionPos": {
                "x": 0.0,
                "y": 0.0,
                "z": 0.0
            },
            "_endMotionPos": {
                "x": 0.0,
                "y": 0.0,
                "z": 0.15311938524246217
            }
        },
        {
            "_timeSpan": {
                "x": 0.0,
                "y": 0.3333333730697632
            },
            "_name": "WalkStopRightWeapon1",
            "_nameHash": 0,
            "_beginMotionPos": {
                "x": 0.0,
                "y": 0.0,
                "z": 0.0
            },
            "_endMotionPos": {
                "x": 0.0,
                "y": 0.0,
                "z": 0.41495800018310549
            }
        },
        {
            "_timeSpan": {
                "x": 0.0,
                "y": 1.3333334922790528
            },
            "_name": "Walk",
            "_nameHash": 0,
            "_beginMotionPos": {
                "x": 0.0,
                "y": 0.0,
                "z": 0.0
            },
            "_endMotionPos": {
                "x": 0.0,
                "y": 0.0,
                "z": 1.659830927848816
            }
        },
        {
            "_timeSpan": {
                "x": 0.025000015273690225,
                "y": 0.5737646222114563
            },
            "_name": "RightFootHillIK",
            "_nameHash": 0,
            "_beginMotionPos": {
                "x": 0.0,
                "y": 0.0,
                "z": 0.031121868640184404
            },
            "_endMotionPos": {
                "x": 0.0,
                "y": 0.0,
                "z": 0.7142645120620728
            }
        },
        {
            "_timeSpan": {
                "x": 0.12299995869398117,
                "y": 0.7860000729560852
            },
            "_name": "Runbs",
            "_nameHash": 0,
            "_beginMotionPos": {
                "x": 0.0,
                "y": 0.0,
                "z": 0.15311944484710694
            },
            "_endMotionPos": {
                "x": 0.0,
                "y": 0.0,
                "z": 0.9784708619117737
            }
        },
        {
            "_timeSpan": {
                "x": 0.3333333730697632,
                "y": 0.6666667461395264
            },
            "_name": "WalkStopRightWeapon",
            "_nameHash": 0,
            "_beginMotionPos": {
                "x": 0.0,
                "y": 0.0,
                "z": 0.41495800018310549
            },
            "_endMotionPos": {
                "x": 0.0,
                "y": 0.0,
                "z": 0.8299159407615662
            }
        },
        {
            "_timeSpan": {
                "x": 0.6666667461395264,
                "y": 1.0000001192092896
            },
            "_name": "WalkStopLeftWeapon1",
            "_nameHash": 0,
            "_beginMotionPos": {
                "x": 0.0,
                "y": 0.0,
                "z": 0.8299159407615662
            },
            "_endMotionPos": {
                "x": 0.0,
                "y": 0.0,
                "z": 1.2448737621307374
            }
        },
        {
            "_timeSpan": {
                "x": 0.6750000715255737,
                "y": 1.3333334922790528
            },
            "_name": "LeftJump",
            "_nameHash": 0,
            "_beginMotionPos": {
                "x": 0.0,
                "y": 0.0,
                "z": 0.8402898907661438
            },
            "_endMotionPos": {
                "x": 0.0,
                "y": 0.0,
                "z": 1.659830927848816
            }
        },
        {
            "_timeSpan": {
                "x": 0.6860001087188721,
                "y": 1.2401177883148194
            },
            "_name": "LeftFootHillIK",
            "_nameHash": 0,
            "_beginMotionPos": {
                "x": 0.0,
                "y": 0.0,
                "z": 0.8539835214614868
            },
            "_endMotionPos": {
                "x": 0.0,
                "y": 0.0,
                "z": 1.5437893867492676
            }
        },
        {
            "_timeSpan": {
                "x": 0.7870001196861267,
                "y": 1.3333334922790528
            },
            "_name": "RunbsMirror",
            "_nameHash": 0,
            "_beginMotionPos": {
                "x": 0.0,
                "y": 0.0,
                "z": 0.9797158241271973
            },
            "_endMotionPos": {
                "x": 0.0,
                "y": 0.0,
                "z": 1.659830927848816
            }
        },
        {
            "_timeSpan": {
                "x": 1.0000001192092896,
                "y": 1.3466668128967286
            },
            "_name": "WalkStopLeftWeapon",
            "_nameHash": 0,
            "_beginMotionPos": {
                "x": 0.0,
                "y": 0.0,
                "z": 1.2448737621307374
            },
            "_endMotionPos": {
                "x": 0.0,
                "y": 0.0,
                "z": 1.659830927848816
            }
        }
    ]
}