{
    "_phaseList": [
        {
            "_time": 0.5123457908630371,
            "_type": 1,
            "_blend": 2,
            "_customData": 0,
            "_offPos": {
                "x": 0.007782274857163429,
                "y": -0.7109301686286926,
                "z": 0.3204829692840576
            },
            "_motionPos": {
                "x": 0.0,
                "y": 0.0,
                "z": 2.9010009765625
            },
            "_extraTrajName": [],
            "_extraTrajPos": []
        }
    ],
    "_zoneList": [
        {
            "_timeSpan": {
                "x": 0.0,
                "y": 1.0833334922790528
            },
            "_name": "Run",
            "_nameHash": 0,
            "_beginMotionPos": {
                "x": 0.0,
                "y": 0.0,
                "z": 0.0
            },
            "_endMotionPos": {
                "x": 0.0,
                "y": 0.0,
                "z": 5.932253837585449
            }
        },
        {
            "_timeSpan": {
                "x": 0.0,
                "y": 1.0833334922790528
            },
            "_name": "Move",
            "_nameHash": 0,
            "_beginMotionPos": {
                "x": 0.0,
                "y": 0.0,
                "z": 0.0
            },
            "_endMotionPos": {
                "x": 0.0,
                "y": 0.0,
                "z": 5.932253837585449
            }
        }
    ]
}