{
    "_phaseList": [
        {
            "_time": 0.18000000715255738,
            "_type": 2,
            "_blend": 0,
            "_customData": 0,
            "_offPos": {
                "x": 0.024691537022590638,
                "y": -0.8058037161827087,
                "z": -0.04952597618103027
            },
            "_motionPos": {
                "x": 0.0,
                "y": 0.0,
                "z": 1.0400428771972657
            },
            "_extraTrajName": [],
            "_extraTrajPos": []
        },
        {
            "_time": 0.2670000195503235,
            "_type": 9,
            "_blend": 2,
            "_customData": 0,
            "_offPos": {
                "x": 0.024691537022590638,
                "y": -0.8058037161827087,
                "z": -0.04952597618103027
            },
            "_motionPos": {
                "x": 0.0,
                "y": 0.0,
                "z": 1.5427303314208985
            },
            "_extraTrajName": [],
            "_extraTrajPos": []
        },
        {
            "_time": 0.5139999985694885,
            "_type": 1,
            "_blend": 0,
            "_customData": 0,
            "_offPos": {
                "x": -0.024689173325896264,
                "y": -0.8058038353919983,
                "z": -0.0495261549949646
            },
            "_motionPos": {
                "x": 0.0,
                "y": 0.0,
                "z": 2.969900131225586
            },
            "_extraTrajName": [],
            "_extraTrajPos": []
        },
        {
            "_time": 0.5788135528564453,
            "_type": 8,
            "_blend": 2,
            "_customData": 0,
            "_offPos": {
                "x": -0.024689173325896264,
                "y": -0.8058038353919983,
                "z": -0.0495261549949646
            },
            "_motionPos": {
                "x": 0.0,
                "y": 0.0,
                "z": 3.3443939685821535
            },
            "_extraTrajName": [],
            "_extraTrajPos": []
        }
    ],
    "_zoneList": [
        {
            "_timeSpan": {
                "x": -0.005999995395541191,
                "y": 0.05699997767806053
            },
            "_name": "LeftJump",
            "_nameHash": 0,
            "_beginMotionPos": {
                "x": 0.0,
                "y": 0.0,
                "z": 0.0
            },
            "_endMotionPos": {
                "x": 0.0,
                "y": 0.0,
                "z": 0.32934677600860598
            }
        },
        {
            "_timeSpan": {
                "x": -0.003999987151473761,
                "y": 0.0690000057220459
            },
            "_name": "ToIdleMirror",
            "_nameHash": 0,
            "_beginMotionPos": {
                "x": 0.0,
                "y": 0.0,
                "z": 0.0
            },
            "_endMotionPos": {
                "x": 0.0,
                "y": 0.0,
                "z": 0.3986831307411194
            }
        },
        {
            "_timeSpan": {
                "x": -0.0020000264048576357,
                "y": 0.6849998831748962
            },
            "_name": "Move",
            "_nameHash": 0,
            "_beginMotionPos": {
                "x": 0.0,
                "y": 0.0,
                "z": 0.0
            },
            "_endMotionPos": {
                "x": 0.0,
                "y": 0.0,
                "z": 3.8520102500915529
            }
        },
        {
            "_timeSpan": {
                "x": -0.001999989151954651,
                "y": 0.6859999895095825
            },
            "_name": "Steerable",
            "_nameHash": 0,
            "_beginMotionPos": {
                "x": 0.0,
                "y": 0.0,
                "z": 0.0
            },
            "_endMotionPos": {
                "x": 0.0,
                "y": 0.0,
                "z": 3.8520102500915529
            }
        },
        {
            "_timeSpan": {
                "x": 2.9802322387695315e-8,
                "y": 0.6870000958442688
            },
            "_name": "Run",
            "_nameHash": 0,
            "_beginMotionPos": {
                "x": 0.0,
                "y": 0.0,
                "z": 8.609945467696889e-8
            },
            "_endMotionPos": {
                "x": 0.0,
                "y": 0.0,
                "z": 3.8520102500915529
            }
        },
        {
            "_timeSpan": {
                "x": 0.07000001519918442,
                "y": 0.4009999930858612
            },
            "_name": "ToIdleNotMirror",
            "_nameHash": 0,
            "_beginMotionPos": {
                "x": 0.0,
                "y": 0.0,
                "z": 0.40446120500564577
            },
            "_endMotionPos": {
                "x": 0.0,
                "y": 0.0,
                "z": 2.316984176635742
            }
        },
        {
            "_timeSpan": {
                "x": 0.18050846457481385,
                "y": 0.295244961977005
            },
            "_name": "RightFootHillIK",
            "_nameHash": 0,
            "_beginMotionPos": {
                "x": 0.0,
                "y": 0.0,
                "z": 1.0429807901382447
            },
            "_endMotionPos": {
                "x": 0.0,
                "y": 0.0,
                "z": 1.7059298753738404
            }
        },
        {
            "_timeSpan": {
                "x": 0.4010000228881836,
                "y": 0.6910000443458557
            },
            "_name": "LeftJump",
            "_nameHash": 0,
            "_beginMotionPos": {
                "x": 0.0,
                "y": 0.0,
                "z": 2.3169846534729006
            },
            "_endMotionPos": {
                "x": 0.0,
                "y": 0.0,
                "z": 3.8520102500915529
            }
        },
        {
            "_timeSpan": {
                "x": 0.4020000100135803,
                "y": 0.6950000524520874
            },
            "_name": "ToIdleMirror",
            "_nameHash": 0,
            "_beginMotionPos": {
                "x": 0.0,
                "y": 0.0,
                "z": 2.3227624893188478
            },
            "_endMotionPos": {
                "x": 0.0,
                "y": 0.0,
                "z": 3.8520102500915529
            }
        },
        {
            "_timeSpan": {
                "x": 0.5137795805931091,
                "y": 0.6246151924133301
            },
            "_name": "LeftFootHillIK",
            "_nameHash": 0,
            "_beginMotionPos": {
                "x": 0.0,
                "y": 0.0,
                "z": 2.9686267375946047
            },
            "_endMotionPos": {
                "x": 0.0,
                "y": 0.0,
                "z": 3.6090362071990969
            }
        }
    ]
}