{
    "_phaseList": [
        {
            "_time": 0.0590163916349411,
            "_type": 2,
            "_blend": 2,
            "_customData": 0,
            "_offPos": {
                "x": 0.024691537022590638,
                "y": -0.8058037161827087,
                "z": -0.04952597618103027
            },
            "_motionPos": {
                "x": 0.0,
                "y": 0.0,
                "z": 0.0742495059967041
            },
            "_extraTrajName": [],
            "_extraTrajPos": []
        }
    ],
    "_zoneList": [
        {
            "_timeSpan": {
                "x": -0.0015789717435836793,
                "y": 0.673157811164856
            },
            "_name": "Walk",
            "_nameHash": 0,
            "_beginMotionPos": {
                "x": 0.0,
                "y": 0.0,
                "z": 0.0
            },
            "_endMotionPos": {
                "x": 0.0,
                "y": 0.0,
                "z": 0.8387441039085388
            }
        }
    ]
}