{
    "_phaseList": [
        {
            "_time": 0.27014926075935366,
            "_type": 2,
            "_blend": 2,
            "_customData": 0,
            "_offPos": {
                "x": 0.024691537022590638,
                "y": -0.8058037161827087,
                "z": -0.04952597618103027
            },
            "_motionPos": {
                "x": -6.699377763652592e-8,
                "y": -6.699383447994478e-8,
                "z": 1.5609257221221924
            },
            "_extraTrajName": [],
            "_extraTrajPos": []
        },
        {
            "_time": 0.620895504951477,
            "_type": 1,
            "_blend": 2,
            "_customData": 0,
            "_offPos": {
                "x": -0.024689173325896264,
                "y": -0.8058038353919983,
                "z": -0.0495261549949646
            },
            "_motionPos": {
                "x": -1.555511488504635e-7,
                "y": -1.5555119148302766e-7,
                "z": 3.587543249130249
            },
            "_extraTrajName": [],
            "_extraTrajPos": []
        }
    ],
    "_zoneList": [
        {
            "_timeSpan": {
                "x": -0.00368422269821167,
                "y": 0.9636842012405396
            },
            "_name": "Run",
            "_nameHash": 0,
            "_beginMotionPos": {
                "x": 0.0,
                "y": 0.0,
                "z": 0.0
            },
            "_endMotionPos": {
                "x": -2.470839035595418e-7,
                "y": -2.470839035595418e-7,
                "z": 5.581521511077881
            }
        }
    ]
}