{
    "_phaseList": [
        {
            "_time": 0.12459016591310501,
            "_type": 2,
            "_blend": 2,
            "_customData": 0,
            "_offPos": {
                "x": 0.024691537022590638,
                "y": -0.8058037161827087,
                "z": -0.04952597618103027
            },
            "_motionPos": {
                "x": 0.0,
                "y": 0.0,
                "z": 0.7198837399482727
            },
            "_extraTrajName": [],
            "_extraTrajPos": []
        }
    ],
    "_zoneList": [
        {
            "_timeSpan": {
                "x": -0.0015789419412612916,
                "y": 0.6247368454933167
            },
            "_name": "Run",
            "_nameHash": 0,
            "_beginMotionPos": {
                "x": 0.0,
                "y": 0.0,
                "z": 0.0
            },
            "_endMotionPos": {
                "x": 0.0,
                "y": 0.0,
                "z": 3.5631096363067629
            }
        }
    ]
}