{
    "_phaseList": [],
    "_zoneList": [
        {
            "_timeSpan": {
                "x": 0.0005262941122055054,
                "y": 0.673157811164856
            },
            "_name": "Walk",
            "_nameHash": 0,
            "_beginMotionPos": {
                "x": -2.894395834118768e-11,
                "y": 0.0,
                "z": 0.0006621479988098145
            },
            "_endMotionPos": {
                "x": -3.64335370761637e-8,
                "y": 0.0,
                "z": 0.8335023522377014
            }
        }
    ]
}