{
    "_phaseList": [],
    "_zoneList": [
        {
            "_timeSpan": {
                "x": -0.0011363774538040162,
                "y": 0.9784090518951416
            },
            "_name": "DropDownLit",
            "_beginMotionPos": {
                "x": 0.0,
                "y": 0.0,
                "z": 0.0
            },
            "_endMotionPos": {
                "x": 0.0,
                "y": -12.58470630645752,
                "z": 0.0
            }
        }
    ]
}