{
    "navMeshDatas": [
        {
            "_center": {
                "x": 287.6399841308594,
                "y": -14.948259353637696,
                "z": 140.52511596679688
            },
            "_size": {
                "x": 602.2525634765625,
                "y": 60.10348129272461,
                "z": 335.71160888671877
            },
            "_prefabPath": "Assets/MoleRes/Rel/SRes/Build/MapEditor/NavMesh/scene_20010/block_20010/navmesh20010000_agent0"
        }
    ]
}