{
    "_phaseList": [
        {
            "_time": 0.18000000715255738,
            "_type": 2,
            "_blend": 2,
            "_customData": 0,
            "_offPos": {
                "x": 0.04949382320046425,
                "y": -0.8144621253013611,
                "z": 0.38327598571777346
            },
            "_motionPos": {
                "x": 0.0,
                "y": 0.0,
                "z": 0.9218661785125732
            },
            "_extraTrajName": [],
            "_extraTrajPos": []
        }
    ],
    "_zoneList": [
        {
            "_timeSpan": {
                "x": 0.0,
                "y": 0.8333333134651184
            },
            "_name": "Move",
            "_nameHash": 0,
            "_beginMotionPos": {
                "x": 0.0,
                "y": 0.0,
                "z": 0.0
            },
            "_endMotionPos": {
                "x": 0.0,
                "y": 0.0,
                "z": 4.267880916595459
            }
        },
        {
            "_timeSpan": {
                "x": 0.0,
                "y": 0.8333333134651184
            },
            "_name": "Run",
            "_nameHash": 0,
            "_beginMotionPos": {
                "x": 0.0,
                "y": 0.0,
                "z": 0.0
            },
            "_endMotionPos": {
                "x": 0.0,
                "y": 0.0,
                "z": 4.267880916595459
            }
        }
    ]
}