{
    "_phaseList": [
        {
            "_time": 0.7828125357627869,
            "_type": 2,
            "_blend": 0,
            "_customData": 0,
            "_offPos": {
                "x": 0.027378816157579423,
                "y": -0.8146906495094299,
                "z": 0.4085545539855957
            },
            "_motionPos": {
                "x": 0.0,
                "y": 1.4491961408680254e-8,
                "z": 3.0772902965545656
            },
            "_extraTrajName": [],
            "_extraTrajPos": []
        },
        {
            "_time": 0.871874988079071,
            "_type": 9,
            "_blend": 0,
            "_customData": 0,
            "_offPos": {
                "x": 0.02896551787853241,
                "y": -0.7889094352722168,
                "z": -0.061250925064086917
            },
            "_motionPos": {
                "x": 0.0,
                "y": 3.32201999242443e-8,
                "z": 3.5138208866119386
            },
            "_extraTrajName": [],
            "_extraTrajPos": []
        }
    ],
    "_zoneList": [
        {
            "_timeSpan": {
                "x": 0.0,
                "y": 1.1951667070388795
            },
            "_name": "Run",
            "_nameHash": 0,
            "_beginMotionPos": {
                "x": 0.0,
                "y": 0.0,
                "z": 0.0
            },
            "_endMotionPos": {
                "x": 0.0,
                "y": 1.1284962653235198e-7,
                "z": 5.060270309448242
            }
        },
        {
            "_timeSpan": {
                "x": 0.3400000333786011,
                "y": 0.6710000038146973
            },
            "_name": "LeftJump",
            "_nameHash": 0,
            "_beginMotionPos": {
                "x": 0.0,
                "y": -8.931837491843453e-9,
                "z": 1.137610673904419
            },
            "_endMotionPos": {
                "x": 0.0,
                "y": -8.250108374241449e-10,
                "z": 2.544949769973755
            }
        },
        {
            "_timeSpan": {
                "x": 0.9810003042221069,
                "y": 1.1951667070388795
            },
            "_name": "LeftJump",
            "_nameHash": 0,
            "_beginMotionPos": {
                "x": 0.0,
                "y": 6.145423014913831e-8,
                "z": 4.056039810180664
            },
            "_endMotionPos": {
                "x": 0.0,
                "y": 1.1284962653235198e-7,
                "z": 5.060270309448242
            }
        }
    ]
}