{
    "_phaseList": [
        {
            "_time": 0.17999999225139619,
            "_type": 2,
            "_blend": 0,
            "_customData": 0,
            "_offPos": {
                "x": 0.03818695992231369,
                "y": -0.8134704232215881,
                "z": 0.38576745986938479
            },
            "_motionPos": {
                "x": 0.0,
                "y": 0.0,
                "z": 0.9258176684379578
            },
            "_extraTrajName": [],
            "_extraTrajPos": []
        },
        {
            "_time": 1.7203539609909058,
            "_type": 1,
            "_blend": 1,
            "_customData": 0,
            "_offPos": {
                "x": -0.03901295363903046,
                "y": -0.8697813749313355,
                "z": 0.32719898223876955
            },
            "_motionPos": {
                "x": -3.678479387758671e-8,
                "y": 3.678479387758671e-8,
                "z": 4.470670700073242
            },
            "_extraTrajName": [],
            "_extraTrajPos": []
        },
        {
            "_time": 2.040708065032959,
            "_type": 8,
            "_blend": 0,
            "_customData": 0,
            "_offPos": {
                "x": -0.0282320324331522,
                "y": -0.9256043434143066,
                "z": -0.06224822998046875
            },
            "_motionPos": {
                "x": -5.393744118009636e-8,
                "y": 5.393744118009636e-8,
                "z": 4.815866947174072
            },
            "_extraTrajName": [],
            "_extraTrajPos": []
        }
    ],
    "_zoneList": [
        {
            "_timeSpan": {
                "x": -0.0021739304065704347,
                "y": 0.7865713834762573
            },
            "_name": "Run",
            "_nameHash": 0,
            "_beginMotionPos": {
                "x": 0.0,
                "y": 0.0,
                "z": 0.0
            },
            "_endMotionPos": {
                "x": 0.0,
                "y": 0.0,
                "z": 3.39931583404541
            }
        },
        {
            "_timeSpan": {
                "x": 0.2160000205039978,
                "y": 0.6779999732971191
            },
            "_name": "LeftJump",
            "_nameHash": 0,
            "_beginMotionPos": {
                "x": 0.0,
                "y": 0.0,
                "z": 1.1109813451766968
            },
            "_endMotionPos": {
                "x": 0.0,
                "y": 0.0,
                "z": 3.1950621604919435
            }
        },
        {
            "_timeSpan": {
                "x": 1.065000057220459,
                "y": 2.390333414077759
            },
            "_name": "Walk",
            "_nameHash": 0,
            "_beginMotionPos": {
                "x": -3.942960624669922e-9,
                "y": 3.942960624669922e-9,
                "z": 3.763962507247925
            },
            "_endMotionPos": {
                "x": -7.138999080780195e-8,
                "y": 7.138999080780195e-8,
                "z": 5.167100429534912
            }
        },
        {
            "_timeSpan": {
                "x": 1.6474488973617554,
                "y": 2.05808162689209
            },
            "_name": "LeftJump",
            "_nameHash": 0,
            "_beginMotionPos": {
                "x": -3.2881171563303727e-8,
                "y": 3.2881171563303727e-8,
                "z": 4.392543792724609
            },
            "_endMotionPos": {
                "x": -5.4867669518898768e-8,
                "y": 5.4867669518898768e-8,
                "z": 4.834587574005127
            }
        }
    ]
}