{
    "_phaseList": [
        {
            "_time": 0.026000000536441804,
            "_type": 2,
            "_blend": 0,
            "_customData": 0,
            "_offPos": {
                "x": 0.0396365262567997,
                "y": -0.8723256587982178,
                "z": 0.31507405638694765
            },
            "_motionPos": {
                "x": -6.960526044430537e-10,
                "y": 6.960526044430537e-10,
                "z": 0.028016116470098497
            },
            "_extraTrajName": [],
            "_extraTrajPos": []
        },
        {
            "_time": 0.36000001430511477,
            "_type": 9,
            "_blend": 0,
            "_customData": 0,
            "_offPos": {
                "x": 0.02710636705160141,
                "y": -0.9251610636711121,
                "z": -0.08451706171035767
            },
            "_motionPos": {
                "x": -9.637655118410749e-9,
                "y": 9.637655118410749e-9,
                "z": 0.38791540265083315
            },
            "_extraTrajName": [],
            "_extraTrajPos": []
        },
        {
            "_time": 0.6861972212791443,
            "_type": 1,
            "_blend": 0,
            "_customData": 0,
            "_offPos": {
                "x": -0.03900715708732605,
                "y": -0.8696358799934387,
                "z": 0.3278648853302002
            },
            "_motionPos": {
                "x": -1.8370361232200595e-8,
                "y": 1.8370361232200595e-8,
                "z": 0.7394068837165833
            },
            "_extraTrajName": [],
            "_extraTrajPos": []
        },
        {
            "_time": 1.004507064819336,
            "_type": 8,
            "_blend": 0,
            "_customData": 0,
            "_offPos": {
                "x": -0.028163045644760133,
                "y": -0.9255161881446838,
                "z": -0.05954539775848389
            },
            "_motionPos": {
                "x": -2.6891903814885155e-8,
                "y": 2.6891903814885155e-8,
                "z": 1.0823993682861329
            },
            "_extraTrajName": [],
            "_extraTrajPos": []
        }
    ],
    "_zoneList": [
        {
            "_timeSpan": {
                "x": -0.0133333345875144,
                "y": 0.3333333730697632
            },
            "_name": "RunbsMirror",
            "_nameHash": 0,
            "_beginMotionPos": {
                "x": 0.0,
                "y": 0.0,
                "z": 0.0
            },
            "_endMotionPos": {
                "x": -8.923755068224182e-9,
                "y": 8.923755068224182e-9,
                "z": 0.3591809570789337
            }
        },
        {
            "_timeSpan": {
                "x": -0.0133333345875144,
                "y": 0.3333333730697632
            },
            "_name": "WalkStopRightWeapon1",
            "_nameHash": 0,
            "_beginMotionPos": {
                "x": 0.0,
                "y": 0.0,
                "z": 0.0
            },
            "_endMotionPos": {
                "x": -8.923755068224182e-9,
                "y": 8.923755068224182e-9,
                "z": 0.3591809570789337
            }
        },
        {
            "_timeSpan": {
                "x": 0.0,
                "y": 1.3333334922790528
            },
            "_name": "Walk",
            "_nameHash": 0,
            "_beginMotionPos": {
                "x": 0.0,
                "y": 0.0,
                "z": 0.0
            },
            "_endMotionPos": {
                "x": -3.569500250932833e-8,
                "y": 3.569500250932833e-8,
                "z": 1.4367237091064454
            }
        },
        {
            "_timeSpan": {
                "x": 0.025000015273690225,
                "y": 0.5737646222114563
            },
            "_name": "RightFootHillIK",
            "_nameHash": 0,
            "_beginMotionPos": {
                "x": -6.692817411391161e-10,
                "y": 6.692817411391161e-10,
                "z": 0.02693858928978443
            },
            "_endMotionPos": {
                "x": -1.5360402727537804e-8,
                "y": 1.5360402727537804e-8,
                "z": 0.6182559132575989
            }
        },
        {
            "_timeSpan": {
                "x": 0.3333333730697632,
                "y": 0.6666667461395264
            },
            "_name": "WalkStopRightWeapon",
            "_nameHash": 0,
            "_beginMotionPos": {
                "x": -8.923755068224182e-9,
                "y": 8.923755068224182e-9,
                "z": 0.3591809570789337
            },
            "_endMotionPos": {
                "x": -1.7847506583734686e-8,
                "y": 1.7847506583734686e-8,
                "z": 0.7183619141578674
            }
        },
        {
            "_timeSpan": {
                "x": 0.3333333730697632,
                "y": 0.6666667461395264
            },
            "_name": "Runbs",
            "_nameHash": 0,
            "_beginMotionPos": {
                "x": -8.923755068224182e-9,
                "y": 8.923755068224182e-9,
                "z": 0.3591809570789337
            },
            "_endMotionPos": {
                "x": -1.7847506583734686e-8,
                "y": 1.7847506583734686e-8,
                "z": 0.7183619141578674
            }
        },
        {
            "_timeSpan": {
                "x": 0.6666667461395264,
                "y": 1.0000001192092896
            },
            "_name": "RunbsMirror",
            "_nameHash": 0,
            "_beginMotionPos": {
                "x": -1.7847506583734686e-8,
                "y": 1.7847506583734686e-8,
                "z": 0.7183619141578674
            },
            "_endMotionPos": {
                "x": -2.677124655292573e-8,
                "y": 2.677124655292573e-8,
                "z": 1.0775429010391236
            }
        },
        {
            "_timeSpan": {
                "x": 0.6666667461395264,
                "y": 1.0000001192092896
            },
            "_name": "WalkStopLeftWeapon1",
            "_nameHash": 0,
            "_beginMotionPos": {
                "x": -1.7847506583734686e-8,
                "y": 1.7847506583734686e-8,
                "z": 0.7183619141578674
            },
            "_endMotionPos": {
                "x": -2.677124655292573e-8,
                "y": 2.677124655292573e-8,
                "z": 1.0775429010391236
            }
        },
        {
            "_timeSpan": {
                "x": 0.6750000715255737,
                "y": 1.3333334922790528
            },
            "_name": "LeftJump",
            "_nameHash": 0,
            "_beginMotionPos": {
                "x": -1.8070599239194963e-8,
                "y": 1.8070599239194963e-8,
                "z": 0.7273414731025696
            },
            "_endMotionPos": {
                "x": -3.569500250932833e-8,
                "y": 3.569500250932833e-8,
                "z": 1.4367237091064454
            }
        },
        {
            "_timeSpan": {
                "x": 0.6860001087188721,
                "y": 1.2401177883148194
            },
            "_name": "LeftFootHillIK",
            "_nameHash": 0,
            "_beginMotionPos": {
                "x": -1.8365083676030737e-8,
                "y": 1.8365083676030737e-8,
                "z": 0.7391944527626038
            },
            "_endMotionPos": {
                "x": -3.3199501814351609e-8,
                "y": 3.3199501814351609e-8,
                "z": 1.3362799882888795
            }
        },
        {
            "_timeSpan": {
                "x": 1.0000001192092896,
                "y": 1.3466668128967286
            },
            "_name": "Runbs",
            "_nameHash": 0,
            "_beginMotionPos": {
                "x": -2.677124655292573e-8,
                "y": 2.677124655292573e-8,