{
    "_phaseList": [
        {
            "_time": 0.6106194853782654,
            "_type": 1,
            "_blend": 1,
            "_customData": 0,
            "_offPos": {
                "x": -0.037881650030612949,
                "y": -0.8232587575912476,
                "z": 0.282045841217041
            },
            "_motionPos": {
                "x": 0.0,
                "y": 0.0,
                "z": 3.12726092338562
            },
            "_extraTrajName": [],
            "_extraTrajPos": []
        },
        {
            "_time": 0.7486725449562073,
            "_type": 8,
            "_blend": 1,
            "_customData": 0,
            "_offPos": {
                "x": -0.04850230738520622,
                "y": -0.811195969581604,
                "z": -0.4204978942871094
            },
            "_motionPos": {
                "x": 0.0,
                "y": 0.0,
                "z": 3.8342878818511965
            },
            "_extraTrajName": [],
            "_extraTrajPos": []
        }
    ],
    "_zoneList": [
        {
            "_timeSpan": {
                "x": 0.0,
                "y": 0.7833333611488342
            },
            "_name": "Move",
            "_nameHash": 0,
            "_beginMotionPos": {
                "x": 0.0,
                "y": 0.0,
                "z": 0.0
            },
            "_endMotionPos": {
                "x": 0.0,
                "y": 0.0,
                "z": 4.011797904968262
            }
        },
        {
            "_timeSpan": {
                "x": 0.0,
                "y": 0.7833333611488342
            },
            "_name": "Run",
            "_nameHash": 0,
            "_beginMotionPos": {
                "x": 0.0,
                "y": 0.0,
                "z": 0.0
            },
            "_endMotionPos": {
                "x": 0.0,
                "y": 0.0,
                "z": 4.011797904968262
            }
        }
    ]
}