{
    "_phaseList": [
        {
            "_time": 1.1413042545318604,
            "_type": 9,
            "_blend": 0,
            "_customData": 0,
            "_offPos": {
                "x": 0.029332635924220086,
                "y": -0.7883836030960083,
                "z": -0.024597883224487306
            },
            "_motionPos": {
                "x": 0.0,
                "y": 0.0,
                "z": 3.717402458190918
            },
            "_extraTrajName": [],
            "_extraTrajPos": []
        },
        {
            "_time": 1.4260869026184083,
            "_type": 1,
            "_blend": 1,
            "_customData": 0,
            "_offPos": {
                "x": -0.03725188970565796,
                "y": -0.738456130027771,
                "z": 0.27732372283935549
            },
            "_motionPos": {
                "x": 0.0,
                "y": 0.0,
                "z": 4.08601713180542
            },
            "_extraTrajName": [],
            "_extraTrajPos": []
        },
        {
            "_time": 1.703345775604248,
            "_type": 8,
            "_blend": 0,
            "_customData": 0,
            "_offPos": {
                "x": -0.022636746987700464,
                "y": -0.7869740724563599,
                "z": -0.027765750885009767
            },
            "_motionPos": {
                "x": 0.0,
                "y": 0.0,
                "z": 4.459965229034424
            },
            "_extraTrajName": [],
            "_extraTrajPos": []
        }
    ],
    "_zoneList": [
        {
            "_timeSpan": {
                "x": -0.0021739304065704347,
                "y": 0.7865713834762573
            },
            "_name": "Run",
            "_nameHash": 0,
            "_beginMotionPos": {
                "x": 0.0,
                "y": 0.0,
                "z": 0.0
            },
            "_endMotionPos": {
                "x": 0.0,
                "y": 0.0,
                "z": 3.2549052238464357
            }
        },
        {
            "_timeSpan": {
                "x": -0.0018248429987579585,
                "y": 2.3101816177368166
            },
            "_name": "Move",
            "_nameHash": 0,
            "_beginMotionPos": {
                "x": 0.0,
                "y": 0.0,
                "z": 0.0
            },
            "_endMotionPos": {
                "x": 0.0,
                "y": 0.0,
                "z": 4.636977672576904
            }
        },
        {
            "_timeSpan": {
                "x": 0.2160000205039978,
                "y": 0.6779999732971191
            },
            "_name": "LeftJump",
            "_nameHash": 0,
            "_beginMotionPos": {
                "x": 0.0,
                "y": 0.0,
                "z": 1.2332549095153809
            },
            "_endMotionPos": {
                "x": 0.0,
                "y": 0.0,
                "z": 3.0378682613372804
            }
        },
        {
            "_timeSpan": {
                "x": 0.7887860536575317,
                "y": 2.3043031692504885
            },
            "_name": "Walk",
            "_nameHash": 0,
            "_beginMotionPos": {
                "x": 0.0,
                "y": 0.0,
                "z": 3.2592082023620607
            },
            "_endMotionPos": {
                "x": 0.0,
                "y": 0.0,
                "z": 4.636977672576904
            }
        },
        {
            "_timeSpan": {
                "x": 1.6474488973617554,
                "y": 2.05808162689209
            },
            "_name": "LeftJump",
            "_nameHash": 0,
            "_beginMotionPos": {
                "x": 0.0,
                "y": 0.0,
                "z": 4.383966445922852
            },
            "_endMotionPos": {
                "x": 0.0,
                "y": 0.0,
                "z": 4.636977672576904
            }
        }
    ]
}