{
    "_phaseList": [
        {
            "_time": 0.5602094531059265,
            "_type": 8,
            "_blend": 0,
            "_customData": 0,
            "_offPos": {
                "x": -0.025589771568775178,
                "y": -0.6754108667373657,
                "z": -0.3770871162414551
            },
            "_motionPos": {
                "x": 0.0,
                "y": 0.0,
                "z": 3.2390918731689455
            },
            "_extraTrajName": [],
            "_extraTrajPos": []
        }
    ],
    "_zoneList": [
        {
            "_timeSpan": {
                "x": 0.0,
                "y": 0.6666666865348816
            },
            "_name": "Move",
            "_nameHash": 0,
            "_beginMotionPos": {
                "x": 0.0,
                "y": 0.0,
                "z": 0.0
            },
            "_endMotionPos": {
                "x": 0.0,
                "y": 0.0,
                "z": 3.3727927207946779
            }
        },
        {
            "_timeSpan": {
                "x": 0.0,
                "y": 0.6666666865348816
            },
            "_name": "Run",
            "_nameHash": 0,
            "_beginMotionPos": {
                "x": 0.0,
                "y": 0.0,
                "z": 0.0
            },
            "_endMotionPos": {
                "x": 0.0,
                "y": 0.0,
                "z": 3.3727927207946779
            }
        }
    ]
}