{
    "_phaseList": [
        {
            "_time": 0.18000000715255738,
            "_type": 2,
            "_blend": 0,
            "_customData": 0,
            "_offPos": {
                "x": 0.032536230981349948,
                "y": -0.7106966376304627,
                "z": 0.2095394730567932
            },
            "_motionPos": {
                "x": 0.0,
                "y": 0.0,
                "z": 1.0407471656799317
            },
            "_extraTrajName": [],
            "_extraTrajPos": []
        },
        {
            "_time": 0.31333333253860476,
            "_type": 9,
            "_blend": 2,
            "_customData": 0,
            "_offPos": {
                "x": 0.02310222014784813,
                "y": -0.6895672082901001,
                "z": -0.38391995429992678
            },
            "_motionPos": {
                "x": 0.0,
                "y": 0.0,
                "z": 1.8116706609725953
            },
            "_extraTrajName": [],
            "_extraTrajPos": []
        },
        {
            "_time": 0.5139999985694885,
            "_type": 1,
            "_blend": 0,
            "_customData": 0,
            "_offPos": {
                "x": -0.05180300027132034,
                "y": -0.7207586169242859,
                "z": 0.22834372520446778
            },
            "_motionPos": {
                "x": 0.0,
                "y": 0.0,
                "z": 2.9719109535217287
            },
            "_extraTrajName": [],
            "_extraTrajPos": []
        },
        {
            "_time": 0.6466667056083679,
            "_type": 8,
            "_blend": 0,
            "_customData": 0,
            "_offPos": {
                "x": -0.04488256946206093,
                "y": -0.6950650811195374,
                "z": -0.37258028984069826
            },
            "_motionPos": {
                "x": 0.0,
                "y": 0.0,
                "z": 3.738981008529663
            },
            "_extraTrajName": [],
            "_extraTrajPos": []
        }
    ],
    "_zoneList": [
        {
            "_timeSpan": {
                "x": -0.005999995395541191,
                "y": 0.05699997767806053
            },
            "_name": "LeftJump",
            "_nameHash": 0,
            "_beginMotionPos": {
                "x": 0.0,
                "y": 0.0,
                "z": 0.0
            },
            "_endMotionPos": {
                "x": 0.0,
                "y": 0.0,
                "z": 0.32956984639167788
            }
        },
        {
            "_timeSpan": {
                "x": -0.003999987151473761,
                "y": 0.0690000057220459
            },
            "_name": "ToIdleMirror",
            "_nameHash": 0,
            "_beginMotionPos": {
                "x": 0.0,
                "y": 0.0,
                "z": 0.0
            },
            "_endMotionPos": {
                "x": 0.0,
                "y": 0.0,
                "z": 0.3989531695842743
            }
        },
        {
            "_timeSpan": {
                "x": -0.0019999893847852947,
                "y": 0.6860000491142273
            },
            "_name": "Steerable",
            "_nameHash": 0,
            "_beginMotionPos": {
                "x": 0.0,
                "y": 0.0,
                "z": 0.0
            },
            "_endMotionPos": {
                "x": 0.0,
                "y": 0.0,
                "z": 3.854618549346924
            }
        },
        {
            "_timeSpan": {
                "x": 2.9802322387695315e-8,
                "y": 0.6870000958442688
            },
            "_name": "Run",
            "_nameHash": 0,
            "_beginMotionPos": {
                "x": 0.0,
                "y": 0.0,
                "z": 1.7231495519354213e-7
            },
            "_endMotionPos": {
                "x": 0.0,
                "y": 0.0,
                "z": 3.854618549346924
            }
        },
        {
            "_timeSpan": {
                "x": 0.07000001519918442,
                "y": 0.4009999930858612
            },
            "_name": "ToIdleNotMirror",
            "_nameHash": 0,
            "_beginMotionPos": {
                "x": 0.0,
                "y": 0.0,
                "z": 0.40473514795303347
            },
            "_endMotionPos": {
                "x": 0.0,
                "y": 0.0,
                "z": 2.3185529708862306
            }
        },
        {
            "_timeSpan": {
                "x": 0.18050846457481385,
                "y": 0.295244961977005
            },
            "_name": "RightFootHillIK",
            "_nameHash": 0,
            "_beginMotionPos": {
                "x": 0.0,
                "y": 0.0,
                "z": 1.0436869859695435
            },
            "_endMotionPos": {
                "x": 0.0,
                "y": 0.0,
                "z": 1.707085132598877
            }
        },
        {
            "_timeSpan": {
                "x": 0.4010000228881836,
                "y": 0.6910000443458557
            },
            "_name": "LeftJump",
            "_nameHash": 0,
            "_beginMotionPos": {
                "x": 0.0,
                "y": 0.0,
                "z": 2.3185532093048097
            },
            "_endMotionPos": {
                "x": 0.0,
                "y": 0.0,
                "z": 3.854618549346924
            }
        },
        {
            "_timeSpan": {
                "x": 0.4020000100135803,
                "y": 0.6950000524520874
            },
            "_name": "ToIdleMirror",
            "_nameHash": 0,
            "_beginMotionPos": {
                "x": 0.0,
                "y": 0.0,
                "z": 2.3243348598480226
            },
            "_endMotionPos": {
                "x": 0.0,
                "y": 0.0,
                "z": 3.854618549346924
            }
        },
        {
            "_timeSpan": {
                "x": 0.5137795805931091,
                "y": 0.6246151924133301
            },
            "_name": "LeftFootHillIK",
            "_nameHash": 0,
            "_beginMotionPos": {
                "x": 0.0,
                "y": 0.0,
                "z": 2.9706366062164308
            },
            "_endMotionPos": {
                "x": 0.0,
                "y": 0.0,
                "z": 3.611480712890625
            }
        }
    ]
}