{
    "_phaseList": [
        {
            "_time": 0.026000000536441804,
            "_type": 2,
            "_blend": 0,
            "_customData": 0,
            "_offPos": {
                "x": 0.03854628652334213,
                "y": -0.7354433536529541,
                "z": 0.2715453505516052
            },
            "_motionPos": {
                "x": 0.0,
                "y": 0.0,
                "z": 0.03464715927839279
            },
            "_extraTrajName": [],
            "_extraTrajPos": []
        },
        {
            "_time": 0.28300002217292788,
            "_type": 9,
            "_blend": 0,
            "_customData": 0,
            "_offPos": {
                "x": 0.029464535415172578,
                "y": -0.7891606092453003,
                "z": -0.0342215895652771
            },
            "_motionPos": {
                "x": 0.0,
                "y": 0.0,
                "z": 0.3771210312843323
            },
            "_extraTrajName": [],
            "_extraTrajPos": []
        },
        {
            "_time": 0.5673683881759644,
            "_type": 1,
            "_blend": 0,
            "_customData": 0,
            "_offPos": {
                "x": -0.03625781834125519,
                "y": -0.737887978553772,
                "z": 0.27363520860671999
            },
            "_motionPos": {
                "x": 0.0,
                "y": 0.0,
                "z": 0.7560654282569885
            },
            "_extraTrajName": [],
            "_extraTrajPos": []
        },
        {
            "_time": 0.8445000648498535,
            "_type": 8,
            "_blend": 0,
            "_customData": 0,
            "_offPos": {
                "x": -0.023023072630167009,
                "y": -0.7880260348320007,
                "z": -0.03665661811828613
            },
            "_motionPos": {
                "x": 0.0,
                "y": 0.0,
                "z": 1.1253665685653687
            },
            "_extraTrajName": [],
            "_extraTrajPos": []
        }
    ],
    "_zoneList": [
        {
            "_timeSpan": {
                "x": -0.0133333345875144,
                "y": 0.3333333730697632
            },
            "_name": "WalkStopRightWeapon1",
            "_nameHash": 0,
            "_beginMotionPos": {
                "x": 0.0,
                "y": 0.0,
                "z": 0.0
            },
            "_endMotionPos": {
                "x": 0.0,
                "y": 0.0,
                "z": 0.44419440627098086
            }
        },
        {
            "_timeSpan": {
                "x": -0.0019999910145998,
                "y": 0.12299990653991699
            },
            "_name": "RunbsMirror",
            "_nameHash": 0,
            "_beginMotionPos": {
                "x": 0.0,
                "y": 0.0,
                "z": 0.0
            },
            "_endMotionPos": {
                "x": 0.0,
                "y": 0.0,
                "z": 0.16390758752822877
            }
        },
        {
            "_timeSpan": {
                "x": 0.0,
                "y": 1.3333334922790528
            },
            "_name": "Walk",
            "_nameHash": 0,
            "_beginMotionPos": {
                "x": 0.0,
                "y": 0.0,
                "z": 0.0
            },
            "_endMotionPos": {
                "x": 0.0,
                "y": 0.0,
                "z": 1.4658414125442505
            }
        },
        {
            "_timeSpan": {
                "x": 0.025000015273690225,
                "y": 0.5737646222114563
            },
            "_name": "RightFootHillIK",
            "_nameHash": 0,
            "_beginMotionPos": {
                "x": 0.0,
                "y": 0.0,
                "z": 0.033314596861600879
            },
            "_endMotionPos": {
                "x": 0.0,
                "y": 0.0,
                "z": 0.7645889520645142
            }
        },
        {
            "_timeSpan": {
                "x": 0.12299995869398117,
                "y": 0.7860000729560852
            },
            "_name": "Runbs",
            "_nameHash": 0,
            "_beginMotionPos": {
                "x": 0.0,
                "y": 0.0,
                "z": 0.16390766203403474
            },
            "_endMotionPos": {
                "x": 0.0,
                "y": 0.0,
                "z": 1.0474101305007935
            }
        },
        {
            "_timeSpan": {
                "x": 0.3333333730697632,
                "y": 0.6666667461395264
            },
            "_name": "WalkStopRightWeapon",
            "_nameHash": 0,
            "_beginMotionPos": {
                "x": 0.0,
                "y": 0.0,
                "z": 0.44419440627098086
            },
            "_endMotionPos": {
                "x": 0.0,
                "y": 0.0,
                "z": 0.8883886337280273
            }
        },
        {
            "_timeSpan": {
                "x": 0.6666667461395264,
                "y": 1.0000001192092896
            },
            "_name": "WalkStopLeftWeapon1",
            "_nameHash": 0,
            "_beginMotionPos": {
                "x": 0.0,
                "y": 0.0,
                "z": 0.8883886337280273
            },
            "_endMotionPos": {
                "x": 0.0,
                "y": 0.0,
                "z": 1.3325831890106202
            }
        },
        {
            "_timeSpan": {
                "x": 0.6750000715255737,
                "y": 1.3333334922790528
            },
            "_name": "LeftJump",
            "_nameHash": 0,
            "_beginMotionPos": {
                "x": 0.0,
                "y": 0.0,
                "z": 0.8994935154914856
            },
            "_endMotionPos": {
                "x": 0.0,
                "y": 0.0,
                "z": 1.4658414125442505
            }
        },
        {
            "_timeSpan": {
                "x": 0.6860001087188721,
                "y": 1.2401177883148194
            },
            "_name": "LeftFootHillIK",
            "_nameHash": 0,
            "_beginMotionPos": {
                "x": 0.0,
                "y": 0.0,
                "z": 0.9141519665718079
            },
            "_endMotionPos": {
                "x": 0.0,
                "y": 0.0,
                "z": 1.4658414125442505
            }
        },
        {
            "_timeSpan": {
                "x": 0.7870001196861267,
                "y": 1.3333334922790528
            },
            "_name": "RunbsMirror",
            "_nameHash": 0,
            "_beginMotionPos": {
                "x": 0.0,
                "y": 0.0,
                "z": 1.0487427711486817
            },
            "_endMotionPos": {
                "x": 0.0,
                "y": 0.0,
                "z": 1.4658414125442505
            }
        },
        {
            "_timeSpan": {
                "x": 1.0000001192092896,
                "y": 1.3466668128967286
            },
            "_name": "WalkStopLeftWeapon",
            "_nameHash": 0,
            "_beginMotionPos": {
                "x": 0.0,
                "y": 0.0,
                "z": 1.3325831890106202
            },
            "_endMotionPos": {
                "x": 0.0,
                "y": 0.0,
                "z": 1.4658414125442505
            }
        }
    ]
}