{"navMeshDatas":[{"_center":{"x":54.58296203613281,"y":10.283454895019532,"z":156.18057250976563},"_size":{"x":145.50579833984376,"y":95.30890655517578,"z":176.77789306640626},"_prefabPath":"Assets/MoleRes/Rel/SRes/Build/MapEditor/NavMesh/scene 20003/block -1/navmesh000_agent0"}]}