{
    "_phaseList": [
        {
            "_time": 0.13900001347064973,
            "_type": 2,
            "_blend": 0,
            "_customData": 0,
            "_offPos": {
                "x": 0.27000346779823305,
                "y": -0.5080689191818237,
                "z": 0.03097689151763916
            },
            "_motionPos": {
                "x": 0.0,
                "y": 0.0,
                "z": 0.8369379043579102
            },
            "_extraTrajName": [],
            "_extraTrajPos": []
        },
        {
            "_time": 0.418181836605072,
            "_type": 1,
            "_blend": 0,
            "_customData": 0,
            "_offPos": {
                "x": -0.12432096898555756,
                "y": -0.6486907005310059,
                "z": 0.24291014671325684
            },
            "_motionPos": {
                "x": 0.0,
                "y": 0.0,
                "z": 2.5303897857666017
            },
            "_extraTrajName": [],
            "_extraTrajPos": []
        },
        {
            "_time": 0.7576470375061035,
            "_type": 2,
            "_blend": 0,
            "_customData": 0,
            "_offPos": {
                "x": -0.0271577350795269,
                "y": -0.737669050693512,
                "z": 0.26821184158325198
            },
            "_motionPos": {
                "x": 0.0,
                "y": 0.0,
                "z": 4.436786651611328
            },
            "_extraTrajName": [],
            "_extraTrajPos": []
        },
        {
            "_time": 0.8729411363601685,
            "_type": 8,
            "_blend": 0,
            "_customData": 0,
            "_offPos": {
                "x": -0.05533097684383392,
                "y": -0.4005661904811859,
                "z": -0.1085972785949707
            },
            "_motionPos": {
                "x": 0.0,
                "y": 0.0,
                "z": 5.092891693115234
            },
            "_extraTrajName": [],
            "_extraTrajPos": []
        }
    ],
    "_zoneList": [
        {
            "_timeSpan": {
                "x": 0.0,
                "y": 1.0833334922790528
            },
            "_name": "Move",
            "_nameHash": 0,
            "_beginMotionPos": {
                "x": 0.0,
                "y": 0.0,
                "z": 0.0
            },
            "_endMotionPos": {
                "x": 0.0,
                "y": 0.0,
                "z": 6.267331123352051
            }
        },
        {
            "_timeSpan": {
                "x": 0.06199996545910835,
                "y": 1.0833334922790528
            },
            "_name": "Run",
            "_nameHash": 0,
            "_beginMotionPos": {
                "x": 0.0,
                "y": 0.0,
                "z": 0.3849349915981293
            },
            "_endMotionPos": {
                "x": 0.0,
                "y": 0.0,
                "z": 6.267331123352051
            }
        },
        {
            "_timeSpan": {
                "x": 0.2925000488758087,
                "y": 0.8341667652130127
            },
            "_name": "LeftJump",
            "_nameHash": 0,
            "_beginMotionPos": {
                "x": 0.0,
                "y": 0.0,
                "z": 1.7648183107376099
            },
            "_endMotionPos": {
                "x": 0.0,
                "y": 0.0,
                "z": 4.872042179107666
            }
        }
    ]
}