{
    "_phaseList": [
        {
            "_time": 0.21420001983642579,
            "_type": 1,
            "_blend": 0,
            "_customData": 0,
            "_offPos": {
                "x": -0.000051977112889289856,
                "y": -0.7394648194313049,
                "z": 0.2744724750518799
            },
            "_motionPos": {
                "x": 0.0,
                "y": 0.0,
                "z": 1.5453212261199952
            },
            "_extraTrajName": [],
            "_extraTrajPos": []
        },
        {
            "_time": 0.44986671209335329,
            "_type": 2,
            "_blend": 0,
            "_customData": 0,
            "_offPos": {
                "x": 0.0035942993126809599,
                "y": -0.7451238036155701,
                "z": 0.24901604652404786
            },
            "_motionPos": {
                "x": 0.0,
                "y": 0.0,
                "z": 3.24550724029541
            },
            "_extraTrajName": [],
            "_extraTrajPos": []
        }
    ],
    "_zoneList": [
        {
            "_timeSpan": {
                "x": 0.0,
                "y": 0.46666669845581057
            },
            "_name": "Sprint",
            "_nameHash": 0,
            "_beginMotionPos": {
                "x": 0.0,
                "y": 0.0,
                "z": 0.0
            },
            "_endMotionPos": {
                "x": 0.0,
                "y": 0.0,
                "z": 3.366708755493164
            }
        },
        {
            "_timeSpan": {
                "x": 0.0,
                "y": 0.46666669845581057
            },
            "_name": "Move",
            "_nameHash": 0,
            "_beginMotionPos": {
                "x": 0.0,
                "y": 0.0,
                "z": 0.0
            },
            "_endMotionPos": {
                "x": 0.0,
                "y": 0.0,
                "z": 3.366708755493164
            }
        }
    ]
}