{
    "_phaseList": [
        {
            "_time": 0.3062937259674072,
            "_type": 9,
            "_blend": 2,
            "_customData": 0,
            "_offPos": {
                "x": -0.020986061543226243,
                "y": -0.6354661583900452,
                "z": -0.32048463821411135
            },
            "_motionPos": {
                "x": 0.0,
                "y": 0.0,
                "z": 1.7714849710464478
            },
            "_extraTrajName": [],
            "_extraTrajPos": []
        },
        {
            "_time": 0.5286713242530823,
            "_type": 1,
            "_blend": 2,
            "_customData": 0,
            "_offPos": {
                "x": 0.028423435986042024,
                "y": -0.743349552154541,
                "z": 0.2623260021209717
            },
            "_motionPos": {
                "x": 0.0,
                "y": 0.0,
                "z": 2.999114751815796
            },
            "_extraTrajName": [],
            "_extraTrajPos": []
        },
        {
            "_time": 1.2991998195648194,
            "_type": 9,
            "_blend": 1,
            "_customData": 0,
            "_offPos": {
                "x": -0.016297299414873124,
                "y": -0.7984867095947266,
                "z": -0.087005615234375
            },
            "_motionPos": {
                "x": 0.0,
                "y": 0.0,
                "z": 4.23291015625
            },
            "_extraTrajName": [],
            "_extraTrajPos": []
        },
        {
            "_time": 1.6239999532699586,
            "_type": 1,
            "_blend": 1,
            "_customData": 0,
            "_offPos": {
                "x": 0.017284903675317766,
                "y": -0.7502579689025879,
                "z": 0.27217817306518557
            },
            "_motionPos": {
                "x": 0.0,
                "y": 0.0,
                "z": 4.631330966949463
            },
            "_extraTrajName": [],
            "_extraTrajPos": []
        }
    ],
    "_zoneList": [
        {
            "_timeSpan": {
                "x": 0.0,
                "y": 0.8481481671333313
            },
            "_name": "Run",
            "_nameHash": 0,
            "_beginMotionPos": {
                "x": 0.0,
                "y": 0.0,
                "z": 0.0
            },
            "_endMotionPos": {
                "x": 0.0,
                "y": 0.0,
                "z": 3.6805758476257326
            }
        },
        {
            "_timeSpan": {
                "x": 0.0,
                "y": 2.0166666507720949
            },
            "_name": "Move",
            "_nameHash": 0,
            "_beginMotionPos": {
                "x": 0.0,
                "y": 0.0,
                "z": 0.0
            },
            "_endMotionPos": {
                "x": 0.0,
                "y": 0.0,
                "z": 4.628117561340332
            }
        },
        {
            "_timeSpan": {
                "x": 0.28636667132377627,
                "y": 0.624268651008606
            },
            "_name": "LeftJump",
            "_nameHash": 0,
            "_beginMotionPos": {
                "x": 0.0,
                "y": 0.0,
                "z": 1.6565526723861695
            },
            "_endMotionPos": {
                "x": 0.0,
                "y": 0.0,
                "z": 3.3050107955932619
            }
        },
        {
            "_timeSpan": {
                "x": 0.9478334188461304,
                "y": 2.020024538040161
            },
            "_name": "Walk",
            "_nameHash": 0,
            "_beginMotionPos": {
                "x": 0.0,
                "y": 0.0,
                "z": 3.796800374984741
            },
            "_endMotionPos": {
                "x": 0.0,
                "y": 0.0,
                "z": 4.628117561340332
            }
        },
        {
            "_timeSpan": {
                "x": 1.2704999446868897,
                "y": 1.6133333444595338
            },
            "_name": "LeftJump",
            "_nameHash": 0,
            "_beginMotionPos": {
                "x": 0.0,
                "y": 0.0,
                "z": 4.1971821784973148
            },
            "_endMotionPos": {
                "x": 0.0,
                "y": 0.0,
                "z": 4.622093200683594
            }
        }
    ]
}