{
    "_phaseList": [],
    "_zoneList": [
        {
            "_timeSpan": {
                "x": 0.5625000596046448,
                "y": 1.2625001668930054
            },
            "_name": "StableStandby",
            "_nameHash": 0,
            "_beginMotionPos": {
                "x": 0.0000032355403618566926,
                "y": 0.50223708152771,
                "z": 0.48533138632774355
            },
            "_endMotionPos": {
                "x": 0.0000032355403618566926,
                "y": 0.50223708152771,
                "z": 0.48533138632774355
            }
        }
    ]
}