{
    "_phaseList": [],
    "_zoneList": [
        {
            "_timeSpan": {
                "x": 0.5625000596046448,
                "y": 1.2625001668930054
            },
            "_name": "StableStandby",
            "_nameHash": 0,
            "_beginMotionPos": {
                "x": 0.0000026771249395096676,
                "y": 0.4818824231624603,
                "z": 0.43726402521133425
            },
            "_endMotionPos": {
                "x": 0.0000026771249395096676,
                "y": 0.4818824231624603,
                "z": 0.43726402521133425
            }
        }
    ]
}