{
    "_phaseList": [
        {
            "_time": 0.800000011920929,
            "_type": 8,
            "_blend": 0,
            "_customData": 0,
            "_offPos": {
                "x": -0.04125141724944115,
                "y": -0.8151845335960388,
                "z": 0.2459425926208496
            },
            "_motionPos": {
                "x": 0.0,
                "y": 0.0,
                "z": 4.538361072540283
            },
            "_extraTrajName": [],
            "_extraTrajPos": []
        },
        {
            "_time": 0.9234568476676941,
            "_type": 8,
            "_blend": 0,
            "_customData": 0,
            "_offPos": {
                "x": -0.04345075413584709,
                "y": -0.7419556379318237,
                "z": -0.3938727378845215
            },
            "_motionPos": {
                "x": 0.0,
                "y": 0.0,
                "z": 5.166245460510254
            },
            "_extraTrajName": [],
            "_extraTrajPos": []
        }
    ],
    "_zoneList": [
        {
            "_timeSpan": {
                "x": 0.010833335109055043,
                "y": 1.1666667461395264
            },
            "_name": "Move",
            "_nameHash": 0,
            "_beginMotionPos": {
                "x": 0.0,
                "y": 0.0,
                "z": 0.060790956020355228
            },
            "_endMotionPos": {
                "x": 0.0,
                "y": 0.0,
                "z": 6.402823448181152
            }
        },
        {
            "_timeSpan": {
                "x": 0.4849999248981476,
                "y": 1.1666667461395264
            },
            "_name": "Run",
            "_nameHash": 0,
            "_beginMotionPos": {
                "x": 0.0,
                "y": 0.0,
                "z": 2.721562623977661
            },
            "_endMotionPos": {
                "x": 0.0,
                "y": 0.0,
                "z": 6.402823448181152
            }
        },
        {
            "_timeSpan": {
                "x": 0.7933334112167358,
                "y": 1.0833334922790528
            },
            "_name": "LeftJump",
            "_nameHash": 0,
            "_beginMotionPos": {
                "x": 0.0,
                "y": 0.0,
                "z": 4.501623153686523
            },
            "_endMotionPos": {
                "x": 0.0,
                "y": 0.0,
                "z": 5.976160049438477
            }
        }
    ]
}