{
    "_phaseList": [
        {
            "_time": 0.4763000011444092,
            "_type": 8,
            "_blend": 0,
            "_customData": 0,
            "_offPos": {
                "x": -0.1751113384962082,
                "y": -0.7422618269920349,
                "z": -0.32353878021240237
            },
            "_motionPos": {
                "x": 0.0,
                "y": 0.0,
                "z": 2.4560067653656008
            },
            "_extraTrajName": [],
            "_extraTrajPos": []
        },
        {
            "_time": 0.5830000042915344,
            "_type": 2,
            "_blend": 0,
            "_customData": 1,
            "_offPos": {
                "x": 0.03997327759861946,
                "y": -0.7125664949417114,
                "z": 0.26453590393066409
            },
            "_motionPos": {
                "x": 0.0,
                "y": 0.0,
                "z": 2.9381470680236818
            },
            "_extraTrajName": [],
            "_extraTrajPos": []
        },
        {
            "_time": 0.8381999731063843,
            "_type": 9,
            "_blend": 0,
            "_customData": 0,
            "_offPos": {
                "x": 0.044085029512643817,
                "y": -0.7525157928466797,
                "z": -0.37833261489868166
            },
            "_motionPos": {
                "x": 0.0,
                "y": 0.0,
                "z": 4.199978351593018
            },
            "_extraTrajName": [],
            "_extraTrajPos": []
        }
    ],
    "_zoneList": [
        {
            "_timeSpan": {
                "x": 0.0,
                "y": 1.0833334922790528
            },
            "_name": "Move",
            "_nameHash": 0,
            "_beginMotionPos": {
                "x": 0.0,
                "y": 0.0,
                "z": 0.0
            },
            "_endMotionPos": {
                "x": 0.0,
                "y": 0.0,
                "z": 5.460317134857178
            }
        },
        {
            "_timeSpan": {
                "x": 0.06199996545910835,
                "y": 1.0833334922790528
            },
            "_name": "Run",
            "_nameHash": 0,
            "_beginMotionPos": {
                "x": 0.0,
                "y": 0.0,
                "z": 0.3319632411003113
            },
            "_endMotionPos": {
                "x": 0.0,
                "y": 0.0,
                "z": 5.460317134857178
            }
        },
        {
            "_timeSpan": {
                "x": 0.2925000488758087,
                "y": 0.6716667413711548
            },
            "_name": "LeftJump",
            "_nameHash": 0,
            "_beginMotionPos": {
                "x": 0.0,
                "y": 0.0,
                "z": 1.6474051475524903
            },
            "_endMotionPos": {
                "x": 0.0,
                "y": 0.0,
                "z": 3.353374481201172
            }
        }
    ]
}