{
    "_phaseList": [
        {
            "_time": 0.9230000376701355,
            "_type": 2,
            "_blend": 1,
            "_customData": 0,
            "_offPos": {
                "x": 0.06549425423145294,
                "y": -0.7948181629180908,
                "z": 0.2249913215637207
            },
            "_motionPos": {
                "x": -0.013161146081984043,
                "y": 0.0,
                "z": 8.310622215270996
            },
            "_extraTrajName": [],
            "_extraTrajPos": []
        }
    ],
    "_zoneList": [
        {
            "_timeSpan": {
                "x": -0.014000006020069123,
                "y": 1.1951667070388795
            },
            "_name": "Sprint",
            "_nameHash": 0,
            "_beginMotionPos": {
                "x": 0.0,
                "y": 0.0,
                "z": 0.0
            },
            "_endMotionPos": {
                "x": -0.012422582134604454,
                "y": 0.0,
                "z": 10.045805931091309
            }
        }
    ]
}