{
    "_phaseList": [
        {
            "_time": 0.08300000429153443,
            "_type": 9,
            "_blend": 0,
            "_customData": 0,
            "_offPos": {
                "x": 0.10864099860191345,
                "y": -0.3631094694137573,
                "z": 0.3268100619316101
            },
            "_motionPos": {
                "x": 0.0,
                "y": -0.24389295279979707,
                "z": 0.0
            },
            "_extraTrajName": [],
            "_extraTrajPos": []
        },
        {
            "_time": 0.6430000066757202,
            "_type": 1999,
            "_blend": 0,
            "_customData": 1,
            "_offPos": {
                "x": 0.0,
                "y": 0.0,
                "z": 0.0
            },
            "_motionPos": {
                "x": 0.0,
                "y": -1.1778286695480347,
                "z": 0.0
            },
            "_extraTrajName": [],
            "_extraTrajPos": []
        },
        {
            "_time": 0.8800000548362732,
            "_type": 1,
            "_blend": 0,
            "_customData": 0,
            "_offPos": {
                "x": -0.16319361329078675,
                "y": -0.6248301267623901,
                "z": 0.32916122674942019
            },
            "_motionPos": {
                "x": 0.0,
                "y": -1.295040249824524,
                "z": 0.0
            },
            "_extraTrajName": [],
            "_extraTrajPos": []
        }
    ],
    "_zoneList": [
        {
            "_timeSpan": {
                "x": 0.0,
                "y": 1.0000001192092896
            },
            "_name": "Climb",
            "_nameHash": 0,
            "_beginMotionPos": {
                "x": 0.0,
                "y": 0.0,
                "z": 0.0
            },
            "_endMotionPos": {
                "x": 0.0,
                "y": -1.294259786605835,
                "z": 0.0
            }
        }
    ]
}