{
    "_phaseList": [
        {
            "_time": 0.0,
            "_type": 9,
            "_blend": 0,
            "_customData": 0,
            "_offPos": {
                "x": 0.18046560883522035,
                "y": -0.3153154253959656,
                "z": 0.35994839668273928
            },
            "_motionPos": {
                "x": 0.0,
                "y": 0.0,
                "z": 0.0
            },
            "_extraTrajName": [],
            "_extraTrajPos": []
        },
        {
            "_time": 0.5,
            "_type": 8,
            "_blend": 0,
            "_customData": 0,
            "_offPos": {
                "x": -0.18028227984905244,
                "y": -0.3150010108947754,
                "z": 0.3611879348754883
            },
            "_motionPos": {
                "x": 0.0,
                "y": 0.4418320655822754,
                "z": 0.0
            },
            "_extraTrajName": [],
            "_extraTrajPos": []
        }
    ],
    "_zoneList": [
        {
            "_timeSpan": {
                "x": 0.0,
                "y": 1.0166667699813843
            },
            "_name": "Climb",
            "_nameHash": 0,
            "_beginMotionPos": {
                "x": 0.0,
                "y": 0.0,
                "z": 0.0
            },
            "_endMotionPos": {
                "x": 0.0,
                "y": 0.883664071559906,
                "z": 0.0
            }
        }
    ]
}