{
    "_phaseList": [
        {
            "_time": 0.17500001192092896,
            "_type": 9,
            "_blend": 0,
            "_customData": 0,
            "_offPos": {
                "x": 0.09710362553596497,
                "y": -0.9147263765335083,
                "z": 0.0892944484949112
            },
            "_motionPos": {
                "x": 0.0,
                "y": 0.0,
                "z": 0.12417395412921906
            },
            "_extraTrajName": [],
            "_extraTrajPos": []
        },
        {
            "_time": 0.49000003933906557,
            "_type": 2,
            "_blend": 0,
            "_customData": 0,
            "_offPos": {
                "x": 0.0677046999335289,
                "y": -0.9133051037788391,
                "z": -0.049614597111940387
            },
            "_motionPos": {
                "x": 0.0,
                "y": 0.0,
                "z": 0.2665127217769623
            },
            "_extraTrajName": [],
            "_extraTrajPos": []
        },
        {
            "_time": 0.8750000596046448,
            "_type": 8,
            "_blend": 0,
            "_customData": 0,
            "_offPos": {
                "x": -0.2445712834596634,
                "y": -0.9153958559036255,
                "z": 0.01260068267583847
            },
            "_motionPos": {
                "x": 0.0,
                "y": 0.0,
                "z": 0.3107333183288574
            },
            "_extraTrajName": [],
            "_extraTrajPos": []
        },
        {
            "_time": 1.7150001525878907,
            "_type": 8,
            "_blend": 0,
            "_customData": 0,
            "_offPos": {
                "x": -0.2339116483926773,
                "y": -0.9215835332870483,
                "z": -0.004920065402984619
            },
            "_motionPos": {
                "x": 0.0,
                "y": 0.0,
                "z": 0.3107333183288574
            },
            "_extraTrajName": [],
            "_extraTrajPos": []
        }
    ],
    "_zoneList": [
        {
            "_timeSpan": {
                "x": 0.0,
                "y": 0.800000011920929
            },
            "_name": "Walk",
            "_nameHash": 0,
            "_beginMotionPos": {
                "x": 0.0,
                "y": 0.0,
                "z": 0.0
            },
            "_endMotionPos": {
                "x": 0.0,
                "y": 0.0,
                "z": 0.3107333183288574
            }
        },
        {
            "_timeSpan": {
                "x": 0.4399999976158142,
                "y": 2.0
            },
            "_name": "RightFootStandIK",
            "_nameHash": 0,
            "_beginMotionPos": {
                "x": 0.0,
                "y": 0.0,
                "z": 0.2490537166595459
            },
            "_endMotionPos": {
                "x": 0.0,
                "y": 0.0,
                "z": 0.3107333183288574
            }
        },
        {
            "_timeSpan": {
                "x": 0.800000011920929,
                "y": 2.0
            },
            "_name": "Idle",
            "_nameHash": 0,
            "_beginMotionPos": {
                "x": 0.0,
                "y": 0.0,
                "z": 0.3107333183288574
            },
            "_endMotionPos": {
                "x": 0.0,
                "y": 0.0,
                "z": 0.3107333183288574
            }
        },
        {
            "_timeSpan": {
                "x": 1.0399999618530274,
                "y": 2.0
            },
            "_name": "LeftFootStandIK",
            "_nameHash": 0,
            "_beginMotionPos": {
                "x": 0.0,
                "y": 0.0,
                "z": 0.3107333183288574
            },
            "_endMotionPos": {
                "x": 0.0,
                "y": 0.0,
                "z": 0.3107333183288574
            }
        },
        {
            "_timeSpan": {
                "x": 1.399999976158142,
                "y": 2.0
            },
            "_name": "LeftJump",
            "_nameHash": 0,
            "_beginMotionPos": {
                "x": 0.0,
                "y": 0.0,
                "z": 0.3107333183288574
            },
            "_endMotionPos": {
                "x": 0.0,
                "y": 0.0,
                "z": 0.3107333183288574
            }
        }
    ]
}