{
    "_phaseList": [
        {
            "_time": 0.40833330154418948,
            "_type": 1,
            "_blend": 0,
            "_customData": 0,
            "_offPos": {
                "x": -0.1417146921157837,
                "y": -0.7889664173126221,
                "z": 0.32965338230133059
            },
            "_motionPos": {
                "x": 0.0,
                "y": 0.0,
                "z": 1.4544634819030762
            },
            "_extraTrajName": [],
            "_extraTrajPos": []
        },
        {
            "_time": 0.8075000643730164,
            "_type": 2,
            "_blend": 0,
            "_customData": 0,
            "_offPos": {
                "x": 0.03546947240829468,
                "y": -0.8283005952835083,
                "z": 0.2944955825805664
            },
            "_motionPos": {
                "x": 0.0,
                "y": 0.0,
                "z": 3.193246841430664
            },
            "_extraTrajName": [],
            "_extraTrajPos": []
        },
        {
            "_time": 0.9455000162124634,
            "_type": 9,
            "_blend": 0,
            "_customData": 0,
            "_offPos": {
                "x": 0.04460635781288147,
                "y": -0.7719342708587647,
                "z": -0.4451110363006592
            },
            "_motionPos": {
                "x": 0.0,
                "y": 0.0,
                "z": 3.8935933113098146
            },
            "_extraTrajName": [],
            "_extraTrajPos": []
        }
    ],
    "_zoneList": [
        {
            "_timeSpan": {
                "x": 0.0,
                "y": 1.183333396911621
            },
            "_name": "Run",
            "_nameHash": 0,
            "_beginMotionPos": {
                "x": 0.0,
                "y": 0.0,
                "z": 0.0
            },
            "_endMotionPos": {
                "x": 0.0,
                "y": 0.0,
                "z": 5.103666305541992
            }
        },
        {
            "_timeSpan": {
                "x": 0.3400000333786011,
                "y": 0.6710000038146973
            },
            "_name": "LeftJump",
            "_nameHash": 0,
            "_beginMotionPos": {
                "x": 0.0,
                "y": 0.0,
                "z": 1.1744906902313233
            },
            "_endMotionPos": {
                "x": 0.0,
                "y": 0.0,
                "z": 2.564192771911621
            }
        },
        {
            "_timeSpan": {
                "x": 1.12416672706604,
                "y": 1.183333396911621
            },
            "_name": "LeftJump",
            "_nameHash": 0,
            "_beginMotionPos": {
                "x": 0.0,
                "y": 0.0,
                "z": 4.8014302253723148
            },
            "_endMotionPos": {
                "x": 0.0,
                "y": 0.0,
                "z": 5.103666305541992
            }
        }
    ]
}