{
    "_phaseList": [
        {
            "_time": 0.3770114779472351,
            "_type": 1,
            "_blend": 0,
            "_customData": 0,
            "_offPos": {
                "x": -0.13446378707885743,
                "y": -0.7183494567871094,
                "z": -0.04232454299926758
            },
            "_motionPos": {
                "x": 0.0,
                "y": 0.0,
                "z": 2.314572334289551
            },
            "_extraTrajName": [],
            "_extraTrajPos": []
        },
        {
            "_time": 0.6206896305084229,
            "_type": 2,
            "_blend": 0,
            "_customData": 0,
            "_offPos": {
                "x": 0.06684685498476029,
                "y": -0.7879513502120972,
                "z": 0.0915369987487793
            },
            "_motionPos": {
                "x": 0.0,
                "y": 0.0,
                "z": 3.9517033100128176
            },
            "_extraTrajName": [],
            "_extraTrajPos": []
        },
        {
            "_time": 0.8704001307487488,
            "_type": 1,
            "_blend": 1,
            "_customData": 0,
            "_offPos": {
                "x": -0.07399826496839524,
                "y": -0.7934660911560059,
                "z": 0.24126482009887696
            },
            "_motionPos": {
                "x": 0.0,
                "y": 0.0,
                "z": 5.626185894012451
            },
            "_extraTrajName": [],
            "_extraTrajPos": []
        },
        {
            "_time": 1.1220000982284547,
            "_type": 2,
            "_blend": 1,
            "_customData": 0,
            "_offPos": {
                "x": 0.06378577649593353,
                "y": -0.8061734437942505,
                "z": 0.4090137481689453
            },
            "_motionPos": {
                "x": 0.0,
                "y": 0.0,
                "z": 7.304129600524902
            },
            "_extraTrajName": [],
            "_extraTrajPos": []
        }
    ],
    "_zoneList": [
        {
            "_timeSpan": {
                "x": 0.0,
                "y": 1.133333444595337
            },
            "_name": "Move",
            "_nameHash": 0,
            "_beginMotionPos": {
                "x": 0.0,
                "y": 0.0,
                "z": 0.0
            },
            "_endMotionPos": {
                "x": 0.0,
                "y": 0.0,
                "z": 7.379940032958984
            }
        },
        {
            "_timeSpan": {
                "x": 0.0,
                "y": 1.133333444595337
            },
            "_name": "Sprint",
            "_nameHash": 0,
            "_beginMotionPos": {
                "x": 0.0,
                "y": 0.0,
                "z": 0.0
            },
            "_endMotionPos": {
                "x": 0.0,
                "y": 0.0,
                "z": 7.379940032958984
            }
        }
    ]
}