{
    "_phaseList": [
        {
            "_time": 0.6527472734451294,
            "_type": 2,
            "_blend": 0,
            "_customData": 1,
            "_offPos": {
                "x": 0.020265234634280206,
                "y": -0.7801094055175781,
                "z": 0.43618321418762209
            },
            "_motionPos": {
                "x": 0.0,
                "y": 0.0,
                "z": 3.5471317768096926
            },
            "_extraTrajName": [],
            "_extraTrajPos": []
        },
        {
            "_time": 0.8170000314712524,
            "_type": 2,
            "_blend": 0,
            "_customData": 0,
            "_offPos": {
                "x": 0.042229071259498599,
                "y": -0.5565037727355957,
                "z": -0.2771759033203125
            },
            "_motionPos": {
                "x": 0.0,
                "y": 0.0,
                "z": 4.407126426696777
            },
            "_extraTrajName": [],
            "_extraTrajPos": []
        },
        {
            "_time": 1.223456859588623,
            "_type": 2,
            "_blend": 0,
            "_customData": 0,
            "_offPos": {
                "x": 0.06146188825368881,
                "y": -0.7929991483688355,
                "z": 0.21396541595458985
            },
            "_motionPos": {
                "x": 0.0,
                "y": 0.0,
                "z": 6.446329593658447
            },
            "_extraTrajName": [],
            "_extraTrajPos": []
        },
        {
            "_time": 1.4685001373291016,
            "_type": 1,
            "_blend": 0,
            "_customData": 0,
            "_offPos": {
                "x": -0.07439973205327988,
                "y": -0.7872339487075806,
                "z": 0.36052703857421877
            },
            "_motionPos": {
                "x": 0.0,
                "y": 0.0,
                "z": 8.114397048950196
            },
            "_extraTrajName": [],
            "_extraTrajPos": []
        }
    ],
    "_zoneList": [
        {
            "_timeSpan": {
                "x": -0.003999984357506037,
                "y": 0.8325001001358032
            },
            "_name": "Run",
            "_nameHash": 0,
            "_beginMotionPos": {
                "x": 0.0,
                "y": 0.0,
                "z": 0.0
            },
            "_endMotionPos": {
                "x": 0.0,
                "y": 0.0,
                "z": 4.479051113128662
            }
        },
        {
            "_timeSpan": {
                "x": 0.8335000276565552,
                "y": 1.725342869758606
            },
            "_name": "Sprint",
            "_nameHash": 0,
            "_beginMotionPos": {
                "x": 0.0,
                "y": 0.0,
                "z": 4.483814239501953
            },
            "_endMotionPos": {
                "x": 0.0,
                "y": 0.0,
                "z": 8.21474838256836
            }
        }
    ]
}