{
    "_phaseList": [
        {
            "_time": 0.026168225333094598,
            "_type": 2,
            "_blend": 0,
            "_customData": 0,
            "_offPos": {
                "x": 0.03824266046285629,
                "y": -0.8716124296188355,
                "z": 0.31682369112968447
            },
            "_motionPos": {
                "x": 0.0,
                "y": 0.0,
                "z": 0.028022248297929765
            },
            "_extraTrajName": [],
            "_extraTrajPos": []
        },
        {
            "_time": 0.36000001430511477,
            "_type": 9,
            "_blend": 0,
            "_customData": 0,
            "_offPos": {
                "x": 0.027272921055555345,
                "y": -0.9251986742019653,
                "z": -0.08394971489906311
            },
            "_motionPos": {
                "x": 0.0,
                "y": 0.0,
                "z": 0.3855058550834656
            },
            "_extraTrajName": [],
            "_extraTrajPos": []
        },
        {
            "_time": 0.6861972212791443,
            "_type": 1,
            "_blend": 0,
            "_customData": 0,
            "_offPos": {
                "x": -0.0390019565820694,
                "y": -0.8696689605712891,
                "z": 0.3277791738510132
            },
            "_motionPos": {
                "x": 0.0,
                "y": 0.0,
                "z": 0.7348140478134155
            },
            "_extraTrajName": [],
            "_extraTrajPos": []
        },
        {
            "_time": 1.0056074857711793,
            "_type": 8,
            "_blend": 0,
            "_customData": 0,
            "_offPos": {
                "x": -0.02815668098628521,
                "y": -0.9254699945449829,
                "z": -0.06112241744995117
            },
            "_motionPos": {
                "x": 0.0,
                "y": 0.0,
                "z": 1.076854944229126
            },
            "_extraTrajName": [],
            "_extraTrajPos": []
        }
    ],
    "_zoneList": [
        {
            "_timeSpan": {
                "x": -0.0019999910145998,
                "y": 0.12299990653991699
            },
            "_name": "RunbsMirror",
            "_nameHash": 0,
            "_beginMotionPos": {
                "x": 0.0,
                "y": 0.0,
                "z": 0.0
            },
            "_endMotionPos": {
                "x": 0.0,
                "y": 0.0,
                "z": 0.13171443343162538
            }
        },
        {
            "_timeSpan": {
                "x": 0.0,
                "y": 0.3333333730697632
            },
            "_name": "WalkStopRight1",
            "_nameHash": 0,
            "_beginMotionPos": {
                "x": 0.0,
                "y": 0.0,
                "z": 0.0
            },
            "_endMotionPos": {
                "x": 0.0,
                "y": 0.0,
                "z": 0.35694992542266848
            }
        },
        {
            "_timeSpan": {
                "x": 0.0,
                "y": 1.3333334922790528
            },
            "_name": "Walk",
            "_nameHash": 0,
            "_beginMotionPos": {
                "x": 0.0,
                "y": 0.0,
                "z": 0.0
            },
            "_endMotionPos": {
                "x": 0.0,
                "y": 0.0,
                "z": 1.4233379364013672
            }
        },
        {
            "_timeSpan": {
                "x": 0.06666667014360428,
                "y": 0.5733333230018616
            },
            "_name": "RightFootHillIK",
            "_nameHash": 0,
            "_beginMotionPos": {
                "x": 0.0,
                "y": 0.0,
                "z": 0.07139000296592713
            },
            "_endMotionPos": {
                "x": 0.0,
                "y": 0.0,
                "z": 0.613953709602356
            }
        },
        {
            "_timeSpan": {
                "x": 0.12299995869398117,
                "y": 0.7860000729560852
            },
            "_name": "Runbs",
            "_nameHash": 0,
            "_beginMotionPos": {
                "x": 0.0,
                "y": 0.0,
                "z": 0.13171449303627015
            },
            "_endMotionPos": {
                "x": 0.0,
                "y": 0.0,
                "z": 0.8416879773139954
            }
        },
        {
            "_timeSpan": {
                "x": 0.3333333730697632,
                "y": 0.6666667461395264
            },
            "_name": "WalkStopRight",
            "_nameHash": 0,
            "_beginMotionPos": {
                "x": 0.0,
                "y": 0.0,
                "z": 0.35694992542266848
            },
            "_endMotionPos": {
                "x": 0.0,
                "y": 0.0,
                "z": 0.7138997912406921
            }
        },
        {
            "_timeSpan": {
                "x": 0.6666667461395264,
                "y": 1.0000001192092896
            },
            "_name": "WalkStopLeft1",
            "_nameHash": 0,
            "_beginMotionPos": {
                "x": 0.0,
                "y": 0.0,
                "z": 0.7138997912406921
            },
            "_endMotionPos": {
                "x": 0.0,
                "y": 0.0,
                "z": 1.0708502531051636
            }
        },
        {
            "_timeSpan": {
                "x": 0.6666667461395264,
                "y": 1.3333334922790528
            },
            "_name": "LeftJump",
            "_nameHash": 0,
            "_beginMotionPos": {
                "x": 0.0,
                "y": 0.0,
                "z": 0.7138997912406921
            },
            "_endMotionPos": {
                "x": 0.0,
                "y": 0.0,
                "z": 1.4233379364013672
            }
        },
        {
            "_timeSpan": {
                "x": 0.7333333492279053,
                "y": 1.2400000095367432
            },
            "_name": "LeftFootHillIK",
            "_nameHash": 0,
            "_beginMotionPos": {
                "x": 0.0,
                "y": 0.0,
                "z": 0.7852897644042969
            },
            "_endMotionPos": {
                "x": 0.0,
                "y": 0.0,
                "z": 1.3278539180755616
            }
        },
        {
            "_timeSpan": {
                "x": 0.7870001196861267,
                "y": 1.3333334922790528
            },
            "_name": "RunbsMirror",
            "_nameHash": 0,
            "_beginMotionPos": {
                "x": 0.0,
                "y": 0.0,
                "z": 0.8427588939666748
            },
            "_endMotionPos": {
                "x": 0.0,
                "y": 0.0,
                "z": 1.4233379364013672
            }
        },
        {
            "_timeSpan": {
                "x": 1.0000001192092896,
                "y": 1.3333334922790528
            },
            "_name": "WalkStopLeft",
            "_nameHash": 0,
            "_beginMotionPos": {
                "x": 0.0,
                "y": 0.0,
                "z": 1.0708502531051636
            },
            "_endMotionPos": {
                "x": 0.0,
                "y": 0.0,
                "z": 1.4233379364013672
            }
        }
    ]
}