{
    "_phaseList": [
        {
            "_time": 0.005333333741873503,
            "_type": 2,
            "_blend": 0,
            "_customData": 0,
            "_offPos": {
                "x": 0.054121170192956927,
                "y": -0.6682315468788147,
                "z": 0.29431843757629397
            },
            "_motionPos": {
                "x": 0.0,
                "y": 0.0,
                "z": 0.03775818273425102
            },
            "_extraTrajName": [],
            "_extraTrajPos": []
        },
        {
            "_time": 0.2720000147819519,
            "_type": 1,
            "_blend": 0,
            "_customData": 0,
            "_offPos": {
                "x": -0.05476463586091995,
                "y": -0.670204758644104,
                "z": 0.29284024238586428
            },
            "_motionPos": {
                "x": 0.0,
                "y": 0.0,
                "z": 1.9256685972213746
            },
            "_extraTrajName": [],
            "_extraTrajPos": []
        }
    ],
    "_zoneList": [
        {
            "_timeSpan": {
                "x": 0.0,
                "y": 0.5333333611488342
            },
            "_name": "Sprint",
            "_nameHash": 0,
            "_beginMotionPos": {
                "x": 0.0,
                "y": 0.0,
                "z": 0.0
            },
            "_endMotionPos": {
                "x": 0.0,
                "y": 0.0,
                "z": 3.77581787109375
            }
        }
    ]
}