{
    "_phaseList": [
        {
            "_time": 0.0050833337008953098,
            "_type": 2,
            "_blend": 0,
            "_customData": 0,
            "_offPos": {
                "x": 0.06386835873126984,
                "y": -0.7917907238006592,
                "z": 0.22789804637432099
            },
            "_motionPos": {
                "x": 0.0,
                "y": 0.0,
                "z": 0.03402179852128029
            },
            "_extraTrajName": [],
            "_extraTrajPos": []
        },
        {
            "_time": 0.2720000147819519,
            "_type": 1,
            "_blend": 0,
            "_customData": 0,
            "_offPos": {
                "x": -0.07368099689483643,
                "y": -0.7946905493736267,
                "z": 0.23019671440124513
            },
            "_motionPos": {
                "x": 0.0,
                "y": 0.0,
                "z": 1.8204442262649537
            },
            "_extraTrajName": [],
            "_extraTrajPos": []
        },
        {
            "_time": 0.7120000123977661,
            "_type": 9,
            "_blend": 1,
            "_customData": 0,
            "_offPos": {
                "x": 0.04479207471013069,
                "y": -0.7718113660812378,
                "z": -0.4410576820373535
            },
            "_motionPos": {
                "x": 0.0,
                "y": 0.0,
                "z": 4.230706691741943
            },
            "_extraTrajName": [],
            "_extraTrajPos": []
        },
        {
            "_time": 0.9580000638961792,
            "_type": 1,
            "_blend": 1,
            "_customData": 0,
            "_offPos": {
                "x": -0.03827299922704697,
                "y": -0.8263626098632813,
                "z": 0.3110175132751465
            },
            "_motionPos": {
                "x": 0.0,
                "y": 0.0,
                "z": 5.495896816253662
            },
            "_extraTrajName": [],
            "_extraTrajPos": []
        }
    ],
    "_zoneList": [
        {
            "_timeSpan": {
                "x": -0.010166667401790619,
                "y": 0.40666669607162478
            },
            "_name": "Sprint",
            "_nameHash": 0,
            "_beginMotionPos": {
                "x": 0.0,
                "y": 0.0,
                "z": 0.0
            },
            "_endMotionPos": {
                "x": 0.0,
                "y": 0.0,
                "z": 2.7288315296173097
            }
        },
        {
            "_timeSpan": {
                "x": 0.6608334183692932,
                "y": 1.026833415031433
            },
            "_name": "Run",
            "_nameHash": 0,
            "_beginMotionPos": {
                "x": 0.0,
                "y": 0.0,
                "z": 3.9703757762908937
            },
            "_endMotionPos": {
                "x": 0.0,
                "y": 0.0,
                "z": 5.7111992835998539
            }
        }
    ]
}