{
    "_phaseList": [
        {
            "_time": 0.5400000214576721,
            "_type": 8,
            "_blend": 0,
            "_customData": 0,
            "_offPos": {
                "x": -0.03076302632689476,
                "y": -0.3820761740207672,
                "z": -0.6832183599472046
            },
            "_motionPos": {
                "x": 0.0,
                "y": 0.0,
                "z": 2.38651704788208
            },
            "_extraTrajName": [],
            "_extraTrajPos": []
        },
        {
            "_time": 0.6862068772315979,
            "_type": 2,
            "_blend": 0,
            "_customData": 0,
            "_offPos": {
                "x": -0.010397052392363549,
                "y": -0.7345325946807861,
                "z": 0.3043398857116699
            },
            "_motionPos": {
                "x": 0.0,
                "y": 0.0,
                "z": 3.243906021118164
            },
            "_extraTrajName": [],
            "_extraTrajPos": []
        },
        {
            "_time": 0.8011494278907776,
            "_type": 9,
            "_blend": 0,
            "_customData": 0,
            "_offPos": {
                "x": -0.02272341400384903,
                "y": -0.6297270059585571,
                "z": -0.2950122356414795
            },
            "_motionPos": {
                "x": 0.0,
                "y": 0.0,
                "z": 3.9101881980895998
            },
            "_extraTrajName": [],
            "_extraTrajPos": []
        },
        {
            "_time": 1.0241379737854005,
            "_type": 1,
            "_blend": 0,
            "_customData": 0,
            "_offPos": {
                "x": 0.009385554119944573,
                "y": -0.7157855033874512,
                "z": 0.278597354888916
            },
            "_motionPos": {
                "x": 0.0,
                "y": 0.0,
                "z": 5.185189247131348
            },
            "_extraTrajName": [],
            "_extraTrajPos": []
        }
    ],
    "_zoneList": [
        {
            "_timeSpan": {
                "x": 0.0,
                "y": 1.0666667222976685
            },
            "_name": "Run",
            "_nameHash": 0,
            "_beginMotionPos": {
                "x": 0.0,
                "y": 0.0,
                "z": 0.0
            },
            "_endMotionPos": {
                "x": 0.0,
                "y": 0.0,
                "z": 5.427406311035156
            }
        },
        {
            "_timeSpan": {
                "x": 0.0,
                "y": 1.0666667222976685
            },
            "_name": "Move",
            "_nameHash": 0,
            "_beginMotionPos": {
                "x": 0.0,
                "y": 0.0,
                "z": 0.0
            },
            "_endMotionPos": {
                "x": 0.0,
                "y": 0.0,
                "z": 5.427406311035156
            }
        },
        {
            "_timeSpan": {
                "x": 0.3400000333786011,
                "y": 0.6710000038146973
            },
            "_name": "LeftJump",
            "_nameHash": 0,
            "_beginMotionPos": {
                "x": 0.0,
                "y": 0.0,
                "z": 1.3277159929275513
            },
            "_endMotionPos": {
                "x": 0.0,
                "y": 0.0,
                "z": 3.1543521881103517
            }
        },
        {
            "_timeSpan": {
                "x": 0.9810002446174622,
                "y": 1.0460001230239869
            },
            "_name": "LeftJump",
            "_nameHash": 0,
            "_beginMotionPos": {
                "x": 0.0,
                "y": 0.0,
                "z": 4.939157009124756
            },
            "_endMotionPos": {
                "x": 0.0,
                "y": 0.0,
                "z": 5.309746265411377
            }
        }
    ]
}