{
    "_phaseList": [
        {
            "_time": 0.26304346323013308,
            "_type": 1,
            "_blend": 0,
            "_customData": 0,
            "_offPos": {
                "x": 0.02703886665403843,
                "y": -0.6291270852088928,
                "z": 0.12712419033050538
            },
            "_motionPos": {
                "x": 0.0,
                "y": 0.0,
                "z": 0.6042525768280029
            },
            "_extraTrajName": [],
            "_extraTrajPos": []
        },
        {
            "_time": 0.3434782326221466,
            "_type": 8,
            "_blend": 0,
            "_customData": 0,
            "_offPos": {
                "x": 0.030606228858232499,
                "y": -0.5987076759338379,
                "z": -0.2067241668701172
            },
            "_motionPos": {
                "x": 0.0,
                "y": 0.0,
                "z": 0.7123695015907288
            },
            "_extraTrajName": [],
            "_extraTrajPos": []
        }
    ],
    "_zoneList": []
}