{
    "_phaseList": [
        {
            "_time": 0.26296669244766238,
            "_type": 2,
            "_blend": 0,
            "_customData": 0,
            "_offPos": {
                "x": 0.07466857135295868,
                "y": -0.26894450187683108,
                "z": -0.0615842342376709
            },
            "_motionPos": {
                "x": 0.0,
                "y": 1.4373334646224976,
                "z": 1.8449541330337525
            },
            "_extraTrajName": [],
            "_extraTrajPos": []
        },
        {
            "_time": 0.2630000114440918,
            "_type": 1,
            "_blend": 0,
            "_customData": 0,
            "_offPos": {
                "x": -0.09665350615978241,
                "y": -0.17573106288909913,
                "z": -0.01473534107208252
            },
            "_motionPos": {
                "x": 0.0,
                "y": 1.437403917312622,
                "z": 1.8451471328735352
            },
            "_extraTrajName": [],
            "_extraTrajPos": []
        },
        {
            "_time": 0.34398001432418826,
            "_type": 9,
            "_blend": 0,
            "_customData": 0,
            "_offPos": {
                "x": 0.0846843346953392,
                "y": -0.19317114353179933,
                "z": -0.018753767013549806
            },
            "_motionPos": {
                "x": 0.0,
                "y": 1.4770147800445557,
                "z": 2.3130886554718019
            },
            "_extraTrajName": [],
            "_extraTrajPos": []
        },
        {
            "_time": 0.3440000116825104,
            "_type": 8,
            "_blend": 0,
            "_customData": 0,
            "_offPos": {
                "x": -0.08854342997074127,
                "y": -0.16269803047180177,
                "z": 0.014849424362182618
            },
            "_motionPos": {
                "x": 0.0,
                "y": 1.476994514465332,
                "z": 2.3132035732269289
            },
            "_extraTrajName": [],
            "_extraTrajPos": []
        }
    ],
    "_zoneList": []
}