{
    "_phaseList": [
        {
            "_time": 0.18680202960968018,
            "_type": 9,
            "_blend": 2,
            "_customData": 0,
            "_offPos": {
                "x": 0.14936360716819764,
                "y": -0.47388139367103579,
                "z": -0.4316244125366211
            },
            "_motionPos": {
                "x": -6.105060634808979e-8,
                "y": -6.105060634808979e-8,
                "z": 1.266003131866455
            },
            "_extraTrajName": [],
            "_extraTrajPos": []
        },
        {
            "_time": 0.40203046798706057,
            "_type": 8,
            "_blend": 2,
            "_customData": 0,
            "_offPos": {
                "x": -0.12102644890546799,
                "y": -0.5776050686836243,
                "z": -0.34817612171173098
            },
            "_motionPos": {
                "x": -1.2074033861608769e-7,
                "y": -1.2074033861608769e-7,
                "z": 2.6640729904174806
            },
            "_extraTrajName": [],
            "_extraTrajPos": []
        },
        {
            "_time": 0.7612121105194092,
            "_type": 1,
            "_blend": 1,
            "_customData": 0,
            "_offPos": {
                "x": -0.02456553280353546,
                "y": -0.6901384592056274,
                "z": 0.3714848756790161
            },
            "_motionPos": {
                "x": -1.778792437789889e-7,
                "y": -1.778792437789889e-7,
                "z": 5.149229526519775
            },
            "_extraTrajName": [],
            "_extraTrajPos": []
        },
        {
            "_time": 1.0024242401123047,
            "_type": 2,
            "_blend": 1,
            "_customData": 0,
            "_offPos": {
                "x": 0.019510511308908464,
                "y": -0.7035692930221558,
                "z": 0.3175349235534668
            },
            "_motionPos": {
                "x": -1.6222335830207158e-7,
                "y": -1.6222335830207158e-7,
                "z": 6.890873908996582
            },
            "_extraTrajName": [],
            "_extraTrajPos": []
        }
    ],
    "_zoneList": [
        {
            "_timeSpan": {
                "x": 0.0,
                "y": 1.0166667699813843
            },
            "_name": "Sprint",
            "_nameHash": 0,
            "_beginMotionPos": {
                "x": 0.0,
                "y": 0.0,
                "z": 0.0
            },
            "_endMotionPos": {
                "x": -1.619108900285937e-7,
                "y": -1.619108900285937e-7,
                "z": 6.992558479309082
            }
        }
    ]
}