{
    "_phaseList": [
        {
            "_time": 0.029999997466802598,
            "_type": 2,
            "_blend": 0,
            "_customData": 0,
            "_offPos": {
                "x": 0.009884165599942208,
                "y": -0.4862220883369446,
                "z": 0.29078608751296999
            },
            "_motionPos": {
                "x": 0.0,
                "y": 0.0,
                "z": 0.05170879513025284
            },
            "_extraTrajName": [],
            "_extraTrajPos": []
        },
        {
            "_time": 0.23999997973442079,
            "_type": 9,
            "_blend": 0,
            "_customData": 0,
            "_offPos": {
                "x": 0.017046408727765085,
                "y": -0.5456900000572205,
                "z": -0.024044901132583619
            },
            "_motionPos": {
                "x": 0.0,
                "y": 0.0,
                "z": 0.4136703610420227
            },
            "_extraTrajName": [],
            "_extraTrajPos": []
        },
        {
            "_time": 0.5299999713897705,
            "_type": 1,
            "_blend": 0,
            "_customData": 0,
            "_offPos": {
                "x": -0.004297807812690735,
                "y": -0.4870588183403015,
                "z": 0.2932521104812622
            },
            "_motionPos": {
                "x": 0.0,
                "y": 0.0,
                "z": 0.913521945476532
            },
            "_extraTrajName": [],
            "_extraTrajPos": []
        },
        {
            "_time": 0.7399999499320984,
            "_type": 8,
            "_blend": 0,
            "_customData": 0,
            "_offPos": {
                "x": -0.015917256474494935,
                "y": -0.5445594191551209,
                "z": -0.023822009563446046
            },
            "_motionPos": {
                "x": 0.0,
                "y": 0.0,
                "z": 1.2754831314086915
            },
            "_extraTrajName": [],
            "_extraTrajPos": []
        }
    ],
    "_zoneList": [
        {
            "_timeSpan": {
                "x": -0.009999999776482582,
                "y": 0.2199999839067459
            },
            "_name": "WalkStopRight1",
            "_nameHash": 0,
            "_beginMotionPos": {
                "x": 0.0,
                "y": 0.0,
                "z": 0.0
            },
            "_endMotionPos": {
                "x": 0.0,
                "y": 0.0,
                "z": 0.3791978359222412
            }
        },
        {
            "_timeSpan": {
                "x": 0.0,
                "y": 0.9999999403953552
            },
            "_name": "Walk",
            "_nameHash": 0,
            "_beginMotionPos": {
                "x": 0.0,
                "y": 0.0,
                "z": 0.0
            },
            "_endMotionPos": {
                "x": 0.0,
                "y": 0.0,
                "z": 1.716444492340088
            }
        },
        {
            "_timeSpan": {
                "x": 0.0,
                "y": 0.19999998807907105
            },
            "_name": "RunbsMirror",
            "_nameHash": 0,
            "_beginMotionPos": {
                "x": 0.0,
                "y": 0.0,
                "z": 0.0
            },
            "_endMotionPos": {
                "x": 0.0,
                "y": 0.0,
                "z": 0.3447253108024597
            }
        },
        {
            "_timeSpan": {
                "x": 0.025000017136335374,
                "y": 0.4599999785423279
            },
            "_name": "RightFootHillIK",
            "_nameHash": 0,
            "_beginMotionPos": {
                "x": 0.0,
                "y": 0.0,
                "z": 0.04309069365262985
            },
            "_endMotionPos": {
                "x": 0.0,
                "y": 0.0,
                "z": 0.7928680777549744
            }
        },
        {
            "_timeSpan": {
                "x": 0.19999998807907105,
                "y": 0.6999999284744263
            },
            "_name": "Runbs",
            "_nameHash": 0,
            "_beginMotionPos": {
                "x": 0.0,
                "y": 0.0,
                "z": 0.3447253108024597
            },
            "_endMotionPos": {
                "x": 0.0,
                "y": 0.0,
                "z": 1.206538200378418
            }
        },
        {
            "_timeSpan": {
                "x": 0.2199999839067459,
                "y": 0.4999999701976776
            },
            "_name": "WalkStopRight",
            "_nameHash": 0,
            "_beginMotionPos": {
                "x": 0.0,
                "y": 0.0,
                "z": 0.3791978359222412
            },
            "_endMotionPos": {
                "x": 0.0,
                "y": 0.0,
                "z": 0.8618131279945374
            }
        },
        {
            "_timeSpan": {
                "x": 0.4999999701976776,
                "y": 0.7199999690055847
            },
            "_name": "WalkStopLeft1",
            "_nameHash": 0,
            "_beginMotionPos": {
                "x": 0.0,
                "y": 0.0,
                "z": 0.8618131279945374
            },
            "_endMotionPos": {
                "x": 0.0,
                "y": 0.0,
                "z": 1.2410107851028443
            }
        },
        {
            "_timeSpan": {
                "x": 0.5399999618530273,
                "y": 0.9699999690055847
            },
            "_name": "LeftFootHillIK",
            "_nameHash": 0,
            "_beginMotionPos": {
                "x": 0.0,
                "y": 0.0,
                "z": 0.9307581782341003
            },
            "_endMotionPos": {
                "x": 0.0,
                "y": 0.0,
                "z": 1.6719175577163697
            }
        },
        {
            "_timeSpan": {
                "x": 0.5699999928474426,
                "y": 0.9999999403953552
            },
            "_name": "LeftJump",
            "_nameHash": 0,
            "_beginMotionPos": {
                "x": 0.0,
                "y": 0.0,
                "z": 0.9824669361114502
            },
            "_endMotionPos": {
                "x": 0.0,
                "y": 0.0,
                "z": 1.716444492340088
            }
        },
        {
            "_timeSpan": {
                "x": 0.6999999284744263,
                "y": 1.0099999904632569
            },
            "_name": "RunbsMirror",
            "_nameHash": 0,
            "_beginMotionPos": {
                "x": 0.0,
                "y": 0.0,
                "z": 1.206538200378418
            },
            "_endMotionPos": {
                "x": 0.0,
                "y": 0.0,
                "z": 1.716444492340088
            }
        },
        {
            "_timeSpan": {
                "x": 0.7199999690055847,
                "y": 1.0099999904632569
            },
            "_name": "WalkStopLeft",
            "_nameHash": 0,
            "_beginMotionPos": {
                "x": 0.0,
                "y": 0.0,
                "z": 1.2410107851028443
            },
            "_endMotionPos": {
                "x": 0.0,
                "y": 0.0,
                "z": 1.716444492340088
            }
        }
    ]
}