{
    "_phaseList": [
        {
            "_time": 0.013333333656191826,
            "_type": 8,
            "_blend": 0,
            "_customData": 0,
            "_offPos": {
                "x": -0.03004366159439087,
                "y": -0.5410417914390564,
                "z": -0.1895080804824829
            },
            "_motionPos": {
                "x": 0.0,
                "y": 0.0,
                "z": 0.09263906627893448
            },
            "_extraTrajName": [],
            "_extraTrajPos": []
        },
        {
            "_time": 0.25333333015441897,
            "_type": 2,
            "_blend": 0,
            "_customData": 0,
            "_offPos": {
                "x": 0.009896013885736466,
                "y": -0.5413956642150879,
                "z": 0.18162226676940919
            },
            "_motionPos": {
                "x": 0.0,
                "y": 0.0,
                "z": 1.7601441144943238
            },
            "_extraTrajName": [],
            "_extraTrajPos": []
        },
        {
            "_time": 0.3466666638851166,
            "_type": 9,
            "_blend": 0,
            "_customData": 0,
            "_offPos": {
                "x": 0.028969833627343179,
                "y": -0.5355098843574524,
                "z": -0.19017398357391358
            },
            "_motionPos": {
                "x": 0.0,
                "y": 0.0,
                "z": 2.408618211746216
            },
            "_extraTrajName": [],
            "_extraTrajPos": []
        },
        {
            "_time": 0.5866667032241821,
            "_type": 1,
            "_blend": 0,
            "_customData": 0,
            "_offPos": {
                "x": -0.010677609592676163,
                "y": -0.5405943989753723,
                "z": 0.1804955005645752
            },
            "_motionPos": {
                "x": 0.0,
                "y": 0.0,
                "z": 4.076119899749756
            },
            "_extraTrajName": [],
            "_extraTrajPos": []
        }
    ],
    "_zoneList": [
        {
            "_timeSpan": {
                "x": 0.0,
                "y": 0.12000000476837158
            },
            "_name": "LeftJump",
            "_nameHash": 0,
            "_beginMotionPos": {
                "x": 0.0,
                "y": 0.0,
                "z": 0.0
            },
            "_endMotionPos": {
                "x": 0.0,
                "y": 0.0,
                "z": 0.8337522149085999
            }
        },
        {
            "_timeSpan": {
                "x": 0.0,
                "y": 0.046666666865348819
            },
            "_name": "ToIdleMirror",
            "_nameHash": 0,
            "_beginMotionPos": {
                "x": 0.0,
                "y": 0.0,
                "z": 0.0
            },
            "_endMotionPos": {
                "x": 0.0,
                "y": 0.0,
                "z": 0.32423681020736697
            }
        },
        {
            "_timeSpan": {
                "x": 0.0,
                "y": 0.6666666865348816
            },
            "_name": "Move",
            "_nameHash": 0,
            "_beginMotionPos": {
                "x": 0.0,
                "y": 0.0,
                "z": 0.0
            },
            "_endMotionPos": {
                "x": 0.0,
                "y": 0.0,
                "z": 4.631951808929443
            }
        },
        {
            "_timeSpan": {
                "x": 0.0,
                "y": 0.6666666865348816
            },
            "_name": "Steerable",
            "_nameHash": 0,
            "_beginMotionPos": {
                "x": 0.0,
                "y": 0.0,
                "z": 0.0
            },
            "_endMotionPos": {
                "x": 0.0,
                "y": 0.0,
                "z": 4.631951808929443
            }
        },
        {
            "_timeSpan": {
                "x": 0.0,
                "y": 0.6666666865348816
            },
            "_name": "Run",
            "_nameHash": 0,
            "_beginMotionPos": {
                "x": 0.0,
                "y": 0.0,
                "z": 0.0
            },
            "_endMotionPos": {
                "x": 0.0,
                "y": 0.0,
                "z": 4.631951808929443
            }
        },
        {
            "_timeSpan": {
                "x": 0.0,
                "y": 0.013333333656191826
            },
            "_name": "LeftFootHillIK",
            "_nameHash": 0,
            "_beginMotionPos": {
                "x": 0.0,
                "y": 0.0,
                "z": 0.0
            },
            "_endMotionPos": {
                "x": 0.0,
                "y": 0.0,
                "z": 0.09263906627893448
            }
        },
        {
            "_timeSpan": {
                "x": 0.046666666865348819,
                "y": 0.3800000250339508
            },
            "_name": "ToIdleNotMirror",
            "_nameHash": 0,
            "_beginMotionPos": {
                "x": 0.0,
                "y": 0.0,
                "z": 0.32423681020736697
            },
            "_endMotionPos": {
                "x": 0.0,
                "y": 0.0,
                "z": 2.64021635055542
            }
        },
        {
            "_timeSpan": {
                "x": 0.25333333015441897,
                "y": 0.3466666638851166
            },
            "_name": "RightFootHillIK",
            "_nameHash": 0,
            "_beginMotionPos": {
                "x": 0.0,
                "y": 0.0,
                "z": 1.7601441144943238
            },
            "_endMotionPos": {
                "x": 0.0,
                "y": 0.0,
                "z": 2.408618211746216
            }
        },
        {
            "_timeSpan": {
                "x": 0.3800000250339508,
                "y": 0.6666666865348816
            },
            "_name": "ToIdleMirror",
            "_nameHash": 0,
            "_beginMotionPos": {
                "x": 0.0,
                "y": 0.0,
                "z": 2.64021635055542
            },
            "_endMotionPos": {
                "x": 0.0,
                "y": 0.0,
                "z": 4.631951808929443
            }
        },
        {
            "_timeSpan": {
                "x": 0.46666666865348818,
                "y": 0.6666666865348816
            },
            "_name": "LeftJump",
            "_nameHash": 0,
            "_beginMotionPos": {
                "x": 0.0,
                "y": 0.0,
                "z": 3.2423698902130129
            },
            "_endMotionPos": {
                "x": 0.0,
                "y": 0.0,
                "z": 4.631951808929443
            }
        },
        {
            "_timeSpan": {
                "x": 0.5866667032241821,
                "y": 0.6666666865348816
            },
            "_name": "LeftFootHillIK",
            "_nameHash": 0,
            "_beginMotionPos": {
                "x": 0.0,
                "y": 0.0,
                "z": 4.076119899749756
            },
            "_endMotionPos": {
                "x": 0.0,
                "y": 0.0,
                "z": 4.631951808929443
            }
        }
    ]
}