{
    "_phaseList": [
        {
            "_time": 0.5130000114440918,
            "_type": 8,
            "_blend": 0,
            "_customData": 0,
            "_offPos": {
                "x": -0.09675534069538117,
                "y": -0.6683304905891419,
                "z": 0.002382993698120117
            },
            "_motionPos": {
                "x": 0.0,
                "y": 0.0,
                "z": 3.230072021484375
            },
            "_extraTrajName": [],
            "_extraTrajPos": []
        },
        {
            "_time": 0.796000063419342,
            "_type": 2,
            "_blend": 0,
            "_customData": 0,
            "_offPos": {
                "x": -0.035155199468135837,
                "y": -0.7844840884208679,
                "z": 0.24312114715576173
            },
            "_motionPos": {
                "x": 0.0,
                "y": 0.0,
                "z": 4.7814836502075199
            },
            "_extraTrajName": [],
            "_extraTrajPos": []
        },
        {
            "_time": 0.8870000243186951,
            "_type": 9,
            "_blend": 0,
            "_customData": 0,
            "_offPos": {
                "x": -0.08415941148996353,
                "y": -0.6334449052810669,
                "z": -0.1789846420288086
            },
            "_motionPos": {
                "x": 0.0,
                "y": 0.0,
                "z": 5.307109832763672
            },
            "_extraTrajName": [],
            "_extraTrajPos": []
        }
    ],
    "_zoneList": [
        {
            "_timeSpan": {
                "x": 0.010833335109055043,
                "y": 1.0833334922790528
            },
            "_name": "Move",
            "_nameHash": 0,
            "_beginMotionPos": {
                "x": 0.0,
                "y": 0.0,
                "z": 0.04897795990109444
            },
            "_endMotionPos": {
                "x": 0.0,
                "y": 0.0,
                "z": 6.443341255187988
            }
        },
        {
            "_timeSpan": {
                "x": 0.4819999933242798,
                "y": 0.6779999732971191
            },
            "_name": "LeftJump",
            "_nameHash": 0,
            "_beginMotionPos": {
                "x": 0.0,
                "y": 0.0,
                "z": 3.0585012435913088
            },
            "_endMotionPos": {
                "x": 0.0,
                "y": 0.0,
                "z": 4.116022109985352
            }
        },
        {
            "_timeSpan": {
                "x": 0.4849999248981476,
                "y": 1.0833334922790528
            },
            "_name": "Run",
            "_nameHash": 0,
            "_beginMotionPos": {
                "x": 0.0,
                "y": 0.0,
                "z": 3.075252056121826
            },
            "_endMotionPos": {
                "x": 0.0,
                "y": 0.0,
                "z": 6.443341255187988
            }
        },
        {
            "_timeSpan": {
                "x": 0.9860000014305115,
                "y": 1.0833334922790528
            },
            "_name": "LeftJump",
            "_nameHash": 0,
            "_beginMotionPos": {
                "x": 0.0,
                "y": 0.0,
                "z": 5.882452011108398
            },
            "_endMotionPos": {
                "x": 0.0,
                "y": 0.0,
                "z": 6.443341255187988
            }
        }
    ]
}