{
    "_phaseList": [
        {
            "_time": 0.032999999821186069,
            "_type": 2,
            "_blend": 0,
            "_customData": 0,
            "_offPos": {
                "x": 0.09148509800434113,
                "y": -0.42924612760543826,
                "z": 0.3001295328140259
            },
            "_motionPos": {
                "x": 0.0,
                "y": 0.0,
                "z": 0.035590946674346927
            },
            "_extraTrajName": [],
            "_extraTrajPos": []
        },
        {
            "_time": 0.5830000042915344,
            "_type": 1,
            "_blend": 0,
            "_customData": 0,
            "_offPos": {
                "x": -0.007768839597702026,
                "y": -0.4302000403404236,
                "z": 0.2942437529563904
            },
            "_motionPos": {
                "x": 0.0,
                "y": 0.0,
                "z": 0.62877357006073
            },
            "_extraTrajName": [],
            "_extraTrajPos": []
        }
    ],
    "_zoneList": []
}