{
    "_phaseList": [
        {
            "_time": 0.9587334990501404,
            "_type": 1,
            "_blend": 1,
            "_customData": 0,
            "_offPos": {
                "x": -0.018240245059132577,
                "y": -0.6859049201011658,
                "z": 0.37475764751434328
            },
            "_motionPos": {
                "x": -3.148157645682659e-7,
                "y": -3.148157645682659e-7,
                "z": 8.273772239685059
            },
            "_extraTrajName": [],
            "_extraTrajPos": []
        },
        {
            "_time": 1.18625009059906,
            "_type": 2,
            "_blend": 1,
            "_customData": 0,
            "_offPos": {
                "x": 0.029838889837265016,
                "y": -0.6889464259147644,
                "z": 0.3061394691467285
            },
            "_motionPos": {
                "x": -2.9687006986023336e-7,
                "y": -2.9687006986023336e-7,
                "z": 9.915162086486817
            },
            "_extraTrajName": [],
            "_extraTrajPos": []
        }
    ],
    "_zoneList": [
        {
            "_timeSpan": {
                "x": -0.012166667729616166,
                "y": 1.2288334369659424
            },
            "_name": "Sprint",
            "_nameHash": 0,
            "_beginMotionPos": {
                "x": 0.0,
                "y": 0.0,
                "z": 0.0
            },
            "_endMotionPos": {
                "x": -2.9584947469629699e-7,
                "y": -2.9584947469629699e-7,
                "z": 10.134598731994629
            }
        }
    ]
}