{
    "_phaseList": [
        {
            "_time": 0.17749999463558198,
            "_type": 2,
            "_blend": 0,
            "_customData": 0,
            "_offPos": {
                "x": -0.004131751134991646,
                "y": -0.7833189964294434,
                "z": 0.10190534591674805
            },
            "_motionPos": {
                "x": 0.0,
                "y": 0.0,
                "z": 0.10626780986785889
            },
            "_extraTrajName": [],
            "_extraTrajPos": []
        },
        {
            "_time": 0.5575000047683716,
            "_type": 9,
            "_blend": 0,
            "_customData": 0,
            "_offPos": {
                "x": 0.026818912476301194,
                "y": -0.8049286007881165,
                "z": -0.018697500228881837
            },
            "_motionPos": {
                "x": 0.0,
                "y": 0.0,
                "z": 0.23981809616088868
            },
            "_extraTrajName": [],
            "_extraTrajPos": []
        },
        {
            "_time": 1.3333333730697632,
            "_type": 8,
            "_blend": 0,
            "_customData": 0,
            "_offPos": {
                "x": -0.13833294808864594,
                "y": -0.8002996444702148,
                "z": 0.02211451530456543
            },
            "_motionPos": {
                "x": 0.0,
                "y": 0.0,
                "z": 0.28647923469543459
            },
            "_extraTrajName": [],
            "_extraTrajPos": []
        },
        {
            "_time": 1.633333444595337,
            "_type": 8,
            "_blend": 0,
            "_customData": 0,
            "_offPos": {
                "x": -0.17808733880519868,
                "y": -0.8055731654167175,
                "z": 0.023603081703186036
            },
            "_motionPos": {
                "x": 0.0,
                "y": 0.0,
                "z": 0.28647923469543459
            },
            "_extraTrajName": [],
            "_extraTrajPos": []
        }
    ],
    "_zoneList": [
        {
            "_timeSpan": {
                "x": -0.002671717433258891,
                "y": 0.800000011920929
            },
            "_name": "Move",
            "_nameHash": 0,
            "_beginMotionPos": {
                "x": 0.0,
                "y": 0.0,
                "z": 0.0
            },
            "_endMotionPos": {
                "x": 0.0,
                "y": 0.0,
                "z": 0.27375710010528567
            }
        },
        {
            "_timeSpan": {
                "x": -0.0021739304065704347,
                "y": 0.800000011920929
            },
            "_name": "Walk",
            "_nameHash": 0,
            "_beginMotionPos": {
                "x": 0.0,
                "y": 0.0,
                "z": 0.0
            },
            "_endMotionPos": {
                "x": 0.0,
                "y": 0.0,
                "z": 0.27375710010528567
            }
        },
        {
            "_timeSpan": {
                "x": 0.746666669845581,
                "y": 2.6666667461395265
            },
            "_name": "Idle",
            "_nameHash": 0,
            "_beginMotionPos": {
                "x": 0.0,
                "y": 0.0,
                "z": 0.2686232328414917
            },
            "_endMotionPos": {
                "x": 0.0,
                "y": 0.0,
                "z": 0.28647923469543459
            }
        },
        {
            "_timeSpan": {
                "x": 1.0133333206176758,
                "y": 2.6666667461395265
            },
            "_name": "RightFootStandIK",
            "_nameHash": 0,
            "_beginMotionPos": {
                "x": 0.0,
                "y": 0.0,
                "z": 0.28473615646362307
            },
            "_endMotionPos": {
                "x": 0.0,
                "y": 0.0,
                "z": 0.28647923469543459
            }
        },
        {
            "_timeSpan": {
                "x": 1.8666666746139527,
                "y": 2.6666667461395265
            },
            "_name": "LeftJump",
            "_nameHash": 0,
            "_beginMotionPos": {
                "x": 0.0,
                "y": 0.0,
                "z": 0.28647923469543459
            },
            "_endMotionPos": {
                "x": 0.0,
                "y": 0.0,
                "z": 0.28647923469543459
            }
        },
        {
            "_timeSpan": {
                "x": 2.133333444595337,
                "y": 2.6666667461395265
            },
            "_name": "LeftFootStandIK",
            "_nameHash": 0,
            "_beginMotionPos": {
                "x": 0.0,
                "y": 0.0,
                "z": 0.28647923469543459
            },
            "_endMotionPos": {
                "x": 0.0,
                "y": 0.0,
                "z": 0.28647923469543459
            }
        }
    ]
}