{
    "_phaseList": [
        {
            "_time": 0.8170000314712524,
            "_type": 2,
            "_blend": 0,
            "_customData": 0,
            "_offPos": {
                "x": 0.16292068362236024,
                "y": -0.5900357365608215,
                "z": 0.04967927932739258
            },
            "_motionPos": {
                "x": -2.1493697488494946e-7,
                "y": -2.1493697488494946e-7,
                "z": 4.785059452056885
            },
            "_extraTrajName": [],
            "_extraTrajPos": []
        },
        {
            "_time": 1.1793549060821534,
            "_type": 2,
            "_blend": 0,
            "_customData": 0,
            "_offPos": {
                "x": 0.02288011834025383,
                "y": -0.7134575843811035,
                "z": 0.38807040452957156
            },
            "_motionPos": {
                "x": -3.279257043686812e-7,
                "y": -3.279257043686812e-7,
                "z": 7.406659126281738
            },
            "_extraTrajName": [],
            "_extraTrajPos": []
        },
        {
            "_time": 1.424516201019287,
            "_type": 1,
            "_blend": 0,
            "_customData": 0,
            "_offPos": {
                "x": -0.024622945114970208,
                "y": -0.736353874206543,
                "z": 0.29017794132232668
            },
            "_motionPos": {
                "x": -3.343391199450707e-7,
                "y": -3.343391199450707e-7,
                "z": 9.180171012878418
            },
            "_extraTrajName": [],
            "_extraTrajPos": []
        }
    ],
    "_zoneList": [
        {
            "_timeSpan": {
                "x": -0.003999984357506037,
                "y": 0.8325001001358032
            },
            "_name": "Run",
            "_nameHash": 0,
            "_beginMotionPos": {
                "x": 0.0,
                "y": 0.0,
                "z": 0.0
            },
            "_endMotionPos": {
                "x": -2.1955987961064239e-7,
                "y": -2.1955987961064239e-7,
                "z": 4.893712520599365
            }
        },
        {
            "_timeSpan": {
                "x": 0.8335000276565552,
                "y": 1.725342869758606
            },
            "_name": "Sprint",
            "_nameHash": 0,
            "_beginMotionPos": {
                "x": -2.1985943021718413e-7,
                "y": -2.1985943021718413e-7,
                "z": 4.900764465332031
            },
            "_endMotionPos": {
                "x": -3.3433914836678016e-7,
                "y": -3.3433914836678016e-7,
                "z": 10.928359031677246
            }
        }
    ]
}