{
    "_phaseList": [
        {
            "_time": 0.3956521451473236,
            "_type": 1,
            "_blend": 0,
            "_customData": 0,
            "_offPos": {
                "x": -0.021657096222043039,
                "y": -0.7068455219268799,
                "z": -0.04344344139099121
            },
            "_motionPos": {
                "x": -2.0497285646570164e-8,
                "y": -3.180592500484636e-8,
                "z": 0.5981525778770447
            },
            "_extraTrajName": [],
            "_extraTrajPos": []
        },
        {
            "_time": 0.5282608270645142,
            "_type": 8,
            "_blend": 0,
            "_customData": 0,
            "_offPos": {
                "x": -0.021657096222043039,
                "y": -0.7068455219268799,
                "z": -0.04344344139099121
            },
            "_motionPos": {
                "x": -3.304506890344783e-8,
                "y": -0.0035605805460363628,
                "z": 0.8582714796066284
            },
            "_extraTrajName": [],
            "_extraTrajPos": []
        }
    ],
    "_zoneList": []
}