{
    "_phaseList": [
        {
            "_time": 0.9166666865348816,
            "_type": 1,
            "_blend": 0,
            "_customData": 0,
            "_offPos": {
                "x": -0.09199127554893494,
                "y": -0.39994391798973086,
                "z": 0.23881027102470399
            },
            "_motionPos": {
                "x": 0.0,
                "y": 0.0,
                "z": 0.0
            },
            "_extraTrajName": [],
            "_extraTrajPos": []
        }
    ],
    "_zoneList": []
}