{
    "_phaseList": [
        {
            "_time": 0.026000000536441804,
            "_type": 2,
            "_blend": 0,
            "_customData": 0,
            "_offPos": {
                "x": -0.018144695088267328,
                "y": -0.7533467411994934,
                "z": 0.25581419467926028
            },
            "_motionPos": {
                "x": 0.0,
                "y": 0.0,
                "z": 0.03236672282218933
            },
            "_extraTrajName": [],
            "_extraTrajPos": []
        },
        {
            "_time": 0.36000001430511477,
            "_type": 9,
            "_blend": 0,
            "_customData": 0,
            "_offPos": {
                "x": -0.010020315647125245,
                "y": -0.799968957901001,
                "z": -0.09677258133888245
            },
            "_motionPos": {
                "x": 0.0,
                "y": 0.0,
                "z": 0.4481546878814697
            },
            "_extraTrajName": [],
            "_extraTrajPos": []
        },
        {
            "_time": 0.6861972212791443,
            "_type": 1,
            "_blend": 0,
            "_customData": 0,
            "_offPos": {
                "x": 0.020890753716230394,
                "y": -0.7547581195831299,
                "z": 0.24980056285858155
            },
            "_motionPos": {
                "x": 0.0,
                "y": 0.0,
                "z": 0.8542290925979614
            },
            "_extraTrajName": [],
            "_extraTrajPos": []
        },
        {
            "_time": 1.027225136756897,
            "_type": 8,
            "_blend": 0,
            "_customData": 0,
            "_offPos": {
                "x": 0.004577059298753738,
                "y": -0.7958381772041321,
                "z": -0.1314464807510376
            },
            "_motionPos": {
                "x": 0.0,
                "y": 0.0,
                "z": 1.2787654399871827
            },
            "_extraTrajName": [],
            "_extraTrajPos": []
        }
    ],
    "_zoneList": [
        {
            "_timeSpan": {
                "x": -0.0133333345875144,
                "y": 0.29333338141441347
            },
            "_name": "WalkStopRight1",
            "_nameHash": 0,
            "_beginMotionPos": {
                "x": 0.0,
                "y": 0.0,
                "z": 0.0
            },
            "_endMotionPos": {
                "x": 0.0,
                "y": 0.0,
                "z": 0.3651631474494934
            }
        },
        {
            "_timeSpan": {
                "x": -0.0019999910145998,
                "y": 0.12299990653991699
            },
            "_name": "RunbsMirror",
            "_nameHash": 0,
            "_beginMotionPos": {
                "x": 0.0,
                "y": 0.0,
                "z": 0.0
            },
            "_endMotionPos": {
                "x": 0.0,
                "y": 0.0,
                "z": 0.15311938524246217
            }
        },
        {
            "_timeSpan": {
                "x": 0.0,
                "y": 1.3333334922790528
            },
            "_name": "Walk",
            "_nameHash": 0,
            "_beginMotionPos": {
                "x": 0.0,
                "y": 0.0,
                "z": 0.0
            },
            "_endMotionPos": {
                "x": 0.0,
                "y": 0.0,
                "z": 1.6598317623138428
            }
        },
        {
            "_timeSpan": {
                "x": 0.025000015273690225,
                "y": 0.5066667199134827
            },
            "_name": "RightFootHillIK",
            "_nameHash": 0,
            "_beginMotionPos": {
                "x": 0.0,
                "y": 0.0,
                "z": 0.031121868640184404
            },
            "_endMotionPos": {
                "x": 0.0,
                "y": 0.0,
                "z": 0.6307362914085388
            }
        },
        {
            "_timeSpan": {
                "x": 0.12299995869398117,
                "y": 0.7860000729560852
            },
            "_name": "Runbs",
            "_nameHash": 0,
            "_beginMotionPos": {
                "x": 0.0,
                "y": 0.0,
                "z": 0.15311944484710694
            },
            "_endMotionPos": {
                "x": 0.0,
                "y": 0.0,
                "z": 0.978471040725708
            }
        },
        {
            "_timeSpan": {
                "x": 0.3333333730697632,
                "y": 0.6666667461395264
            },
            "_name": "WalkStopRight",
            "_nameHash": 0,
            "_beginMotionPos": {
                "x": 0.0,
                "y": 0.0,
                "z": 0.41495808959007265
            },
            "_endMotionPos": {
                "x": 0.0,
                "y": 0.0,
                "z": 0.8299161195755005
            }
        },
        {
            "_timeSpan": {
                "x": 0.6666667461395264,
                "y": 1.3333334922790528
            },
            "_name": "LeftJump",
            "_nameHash": 0,
            "_beginMotionPos": {
                "x": 0.0,
                "y": 0.0,
                "z": 0.8299161195755005
            },
            "_endMotionPos": {
                "x": 0.0,
                "y": 0.0,
                "z": 1.6598317623138428
            }
        },
        {
            "_timeSpan": {
                "x": 0.6666667461395264,
                "y": 0.9600000977516174
            },
            "_name": "WalkStopLeft1",
            "_nameHash": 0,
            "_beginMotionPos": {
                "x": 0.0,
                "y": 0.0,
                "z": 0.8299161195755005
            },
            "_endMotionPos": {
                "x": 0.0,
                "y": 0.0,
                "z": 1.19507896900177
            }
        },
        {
            "_timeSpan": {
                "x": 0.6860001087188721,
                "y": 1.1600000858306885
            },
            "_name": "LeftFootHillIK",
            "_nameHash": 0,
            "_beginMotionPos": {
                "x": 0.0,
                "y": 0.0,
                "z": 0.8539837002754211
            },
            "_endMotionPos": {
                "x": 0.0,
                "y": 0.0,
                "z": 1.444053292274475
            }
        },
        {
            "_timeSpan": {
                "x": 0.7870001196861267,
                "y": 1.3333334922790528
            },
            "_name": "RunbsMirror",
            "_nameHash": 0,
            "_beginMotionPos": {
                "x": 0.0,
                "y": 0.0,
                "z": 0.9797160029411316
            },
            "_endMotionPos": {
                "x": 0.0,
                "y": 0.0,
                "z": 1.6598317623138428
            }
        },
        {
            "_timeSpan": {
                "x": 1.0000001192092896,
                "y": 1.3466668128967286
            },
            "_name": "WalkStopLeft",
            "_nameHash": 0,
            "_beginMotionPos": {
                "x": 0.0,
                "y": 0.0,
                "z": 1.2448738813400269
            },
            "_endMotionPos": {
                "x": 0.0,
                "y": 0.0,
                "z": 1.6598317623138428
            }
        }
    ]
}