{
    "_phaseList": [
        {
            "_time": 0.1899999976158142,
            "_type": 2,
            "_blend": 0,
            "_customData": 0,
            "_offPos": {
                "x": -0.016331873834133149,
                "y": -0.7180639505386353,
                "z": 0.2736271023750305
            },
            "_motionPos": {
                "x": 0.0,
                "y": 0.0,
                "z": 1.0758179426193238
            },
            "_extraTrajName": [],
            "_extraTrajPos": []
        },
        {
            "_time": 0.30522647500038149,
            "_type": 9,
            "_blend": 0,
            "_customData": 0,
            "_offPos": {
                "x": -0.01831032894551754,
                "y": -0.6571452617645264,
                "z": -0.30825114250183108
            },
            "_motionPos": {
                "x": 0.0,
                "y": 0.0,
                "z": 1.7282534837722779
            },
            "_extraTrajName": [],
            "_extraTrajPos": []
        },
        {
            "_time": 0.527671217918396,
            "_type": 1,
            "_blend": 0,
            "_customData": 0,
            "_offPos": {
                "x": 0.00932733342051506,
                "y": -0.7161619663238525,
                "z": 0.2645864486694336
            },
            "_motionPos": {
                "x": 0.0,
                "y": 0.0,
                "z": 2.987778663635254
            },
            "_extraTrajName": [],
            "_extraTrajPos": []
        },
        {
            "_time": 0.6418118476867676,
            "_type": 8,
            "_blend": 0,
            "_customData": 0,
            "_offPos": {
                "x": 0.014087531715631485,
                "y": -0.6568766236305237,
                "z": -0.3169887065887451
            },
            "_motionPos": {
                "x": 0.0,
                "y": 0.0,
                "z": 3.634063243865967
            },
            "_extraTrajName": [],
            "_extraTrajPos": []
        }
    ],
    "_zoneList": [
        {
            "_timeSpan": {
                "x": -0.005999995395541191,
                "y": 0.05699997767806053
            },
            "_name": "LeftJump",
            "_nameHash": 0,
            "_beginMotionPos": {
                "x": 0.0,
                "y": 0.0,
                "z": 0.0
            },
            "_endMotionPos": {
                "x": 0.0,
                "y": 0.0,
                "z": 0.32274511456489565
            }
        },
        {
            "_timeSpan": {
                "x": -0.005999982822686434,
                "y": 0.1666666716337204
            },
            "_name": "ToIdleNotMirror",
            "_nameHash": 0,
            "_beginMotionPos": {
                "x": 0.0,
                "y": 0.0,
                "z": 0.0
            },
            "_endMotionPos": {
                "x": 0.0,
                "y": 0.0,
                "z": 0.943699836730957
            }
        },
        {
            "_timeSpan": {
                "x": -0.0020000264048576357,
                "y": 0.6849998831748962
            },
            "_name": "Move",
            "_nameHash": 0,
            "_beginMotionPos": {
                "x": 0.0,
                "y": 0.0,
                "z": 0.0
            },
            "_endMotionPos": {
                "x": 0.0,
                "y": 0.0,
                "z": 3.7747962474823
            }
        },
        {
            "_timeSpan": {
                "x": -0.001999989151954651,
                "y": 0.6859999895095825
            },
            "_name": "Steerable",
            "_nameHash": 0,
            "_beginMotionPos": {
                "x": 0.0,
                "y": 0.0,
                "z": 0.0
            },
            "_endMotionPos": {
                "x": 0.0,
                "y": 0.0,
                "z": 3.7747962474823
            }
        },
        {
            "_timeSpan": {
                "x": 2.9802322387695315e-8,
                "y": 0.6870000958442688
            },
            "_name": "Run",
            "_nameHash": 0,
            "_beginMotionPos": {
                "x": 0.0,
                "y": 0.0,
                "z": 1.6874656694199076e-7
            },
            "_endMotionPos": {
                "x": 0.0,
                "y": 0.0,
                "z": 3.7747962474823
            }
        },
        {
            "_timeSpan": {
                "x": 0.1666666716337204,
                "y": 0.5
            },
            "_name": "ToIdleMirror",
            "_nameHash": 0,
            "_beginMotionPos": {
                "x": 0.0,
                "y": 0.0,
                "z": 0.943699836730957
            },
            "_endMotionPos": {
                "x": 0.0,
                "y": 0.0,
                "z": 2.831099033355713
            }
        },
        {
            "_timeSpan": {
                "x": 0.18050846457481385,
                "y": 0.295244961977005
            },
            "_name": "RightFootHillIK",
            "_nameHash": 0,
            "_beginMotionPos": {
                "x": 0.0,
                "y": 0.0,
                "z": 1.0220749378204346
            },
            "_endMotionPos": {
                "x": 0.0,
                "y": 0.0,
                "z": 1.6717361211776734
            }
        },
        {
            "_timeSpan": {
                "x": 0.4010000228881836,
                "y": 0.6910001039505005
            },
            "_name": "LeftJump",
            "_nameHash": 0,
            "_beginMotionPos": {
                "x": 0.0,
                "y": 0.0,
                "z": 2.2705423831939699
            },
            "_endMotionPos": {
                "x": 0.0,
                "y": 0.0,
                "z": 3.7747962474823
            }
        },
        {
            "_timeSpan": {
                "x": 0.5,
                "y": 0.6733333468437195
            },
            "_name": "ToIdleNotMirror",
            "_nameHash": 0,
            "_beginMotionPos": {
                "x": 0.0,
                "y": 0.0,
                "z": 2.831099033355713
            },
            "_endMotionPos": {
                "x": 0.0,
                "y": 0.0,
                "z": 3.7747962474823
            }
        },
        {
            "_timeSpan": {
                "x": 0.5137795805931091,
                "y": 0.6246151924133301
            },
            "_name": "LeftFootHillIK",
            "_nameHash": 0,
            "_beginMotionPos": {
                "x": 0.0,
                "y": 0.0,
                "z": 2.9091217517852785
            },
            "_endMotionPos": {
                "x": 0.0,
                "y": 0.0,
                "z": 3.5366928577423097
            }
        }
    ]
}