{
    "_phaseList": [
        {
            "_time": 0.4229167401790619,
            "_type": 1,
            "_blend": 0,
            "_customData": 0,
            "_offPos": {
                "x": -0.13295742869377137,
                "y": -0.7135961055755615,
                "z": 0.32851409912109377
            },
            "_motionPos": {
                "x": 0.0,
                "y": 0.0,
                "z": 1.9907824993133546
            },
            "_extraTrajName": [],
            "_extraTrajPos": []
        },
        {
            "_time": 0.7437500357627869,
            "_type": 2,
            "_blend": 0,
            "_customData": 0,
            "_offPos": {
                "x": 0.09758879989385605,
                "y": -0.6407291889190674,
                "z": 0.34520411491394045
            },
            "_motionPos": {
                "x": 0.0,
                "y": 0.0,
                "z": 3.9718847274780275
            },
            "_extraTrajName": [],
            "_extraTrajPos": []
        },
        {
            "_time": 0.8553359508514404,
            "_type": 9,
            "_blend": 1,
            "_customData": 0,
            "_offPos": {
                "x": 0.08657974004745484,
                "y": -0.6473578214645386,
                "z": -0.026771068572998048
            },
            "_motionPos": {
                "x": 0.0,
                "y": 0.0,
                "z": 4.597872734069824
            },
            "_extraTrajName": [],
            "_extraTrajPos": []
        }
    ],
    "_zoneList": [
        {
            "_timeSpan": {
                "x": -0.010999977588653565,
                "y": 1.0750001668930054
            },
            "_name": "Move",
            "_nameHash": 0,
            "_beginMotionPos": {
                "x": 0.0,
                "y": 0.0,
                "z": 0.0
            },
            "_endMotionPos": {
                "x": 0.0,
                "y": 0.0,
                "z": 5.7988080978393559
            }
        },
        {
            "_timeSpan": {
                "x": -0.003999993205070496,
                "y": 1.0809999704360963
            },
            "_name": "Run",
            "_nameHash": 0,
            "_beginMotionPos": {
                "x": 0.0,
                "y": 0.0,
                "z": 0.0
            },
            "_endMotionPos": {
                "x": 0.0,
                "y": 0.0,
                "z": 5.7988080978393559
            }
        },
        {
            "_timeSpan": {
                "x": 0.3400000333786011,
                "y": 0.6710000038146973
            },
            "_name": "LeftJump",
            "_nameHash": 0,
            "_beginMotionPos": {
                "x": 0.0,
                "y": 0.0,
                "z": 1.3878111839294434
            },
            "_endMotionPos": {
                "x": 0.0,
                "y": 0.0,
                "z": 3.555532932281494
            }
        },
        {
            "_timeSpan": {
                "x": 0.9810002446174622,
                "y": 1.0460001230239869
            },
            "_name": "LeftJump",
            "_nameHash": 0,
            "_beginMotionPos": {
                "x": 0.0,
                "y": 0.0,
                "z": 5.30929708480835
            },
            "_endMotionPos": {
                "x": 0.0,
                "y": 0.0,
                "z": 5.680715560913086
            }
        }
    ]
}