{
    "_phaseList": [
        {
            "_time": 0.0,
            "_type": 9,
            "_blend": 0,
            "_customData": 0,
            "_offPos": {
                "x": 0.02469160035252571,
                "y": -0.8058037161827087,
                "z": -0.0495259165763855
            },
            "_motionPos": {
                "x": 0.0,
                "y": 0.0,
                "z": 0.0
            },
            "_extraTrajName": [],
            "_extraTrajPos": []
        }
    ],
    "_zoneList": []
}