{
    "_phaseList": [
        {
            "_time": 0.3062937259674072,
            "_type": 9,
            "_blend": 2,
            "_customData": 0,
            "_offPos": {
                "x": -0.020980874076485635,
                "y": -0.6354845762252808,
                "z": -0.3204360008239746
            },
            "_motionPos": {
                "x": 0.0,
                "y": 0.0,
                "z": 1.7714852094650269
            },
            "_extraTrajName": [],
            "_extraTrajPos": []
        },
        {
            "_time": 0.5286713242530823,
            "_type": 1,
            "_blend": 2,
            "_customData": 0,
            "_offPos": {
                "x": 0.028423525393009187,
                "y": -0.7433497309684753,
                "z": 0.26232481002807619
            },
            "_motionPos": {
                "x": 0.0,
                "y": 0.0,
                "z": 2.999115228652954
            },
            "_extraTrajName": [],
            "_extraTrajPos": []
        },
        {
            "_time": 1.2991998195648194,
            "_type": 9,
            "_blend": 1,
            "_customData": 0,
            "_offPos": {
                "x": -0.016384804621338846,
                "y": -0.7983784675598145,
                "z": -0.08815217018127442
            },
            "_motionPos": {
                "x": 0.0,
                "y": 0.0,
                "z": 4.232911586761475
            },
            "_extraTrajName": [],
            "_extraTrajPos": []
        },
        {
            "_time": 1.568166732788086,
            "_type": 1,
            "_blend": 1,
            "_customData": 0,
            "_offPos": {
                "x": -0.0005261260084807873,
                "y": -0.7451497912406921,
                "z": 0.3020777702331543
            },
            "_motionPos": {
                "x": 0.0,
                "y": 0.0,
                "z": 4.567742347717285
            },
            "_extraTrajName": [],
            "_extraTrajPos": []
        }
    ],
    "_zoneList": [
        {
            "_timeSpan": {
                "x": 0.0,
                "y": 1.6166667938232422
            },
            "_name": "Move",
            "_nameHash": 0,
            "_beginMotionPos": {
                "x": 0.0,
                "y": 0.0,
                "z": 0.0
            },
            "_endMotionPos": {
                "x": 0.0,
                "y": 0.0,
                "z": 4.628118515014648
            }
        },
        {
            "_timeSpan": {
                "x": 0.0,
                "y": 0.6466667056083679
            },
            "_name": "Run",
            "_nameHash": 0,
            "_beginMotionPos": {
                "x": 0.0,
                "y": 0.0,
                "z": 0.0
            },
            "_endMotionPos": {
                "x": 0.0,
                "y": 0.0,
                "z": 3.3568947315216066
            }
        },
        {
            "_timeSpan": {
                "x": 0.0,
                "y": 0.12933334708213807
            },
            "_name": "LeftJump",
            "_nameHash": 0,
            "_beginMotionPos": {
                "x": 0.0,
                "y": 0.0,
                "z": 0.0
            },
            "_endMotionPos": {
                "x": 0.0,
                "y": 0.0,
                "z": 0.7479382157325745
            }
        },
        {
            "_timeSpan": {
                "x": 0.48500004410743716,
                "y": 0.8568333983421326
            },
            "_name": "LeftJump",
            "_nameHash": 0,
            "_beginMotionPos": {
                "x": 0.0,
                "y": 0.0,
                "z": 2.7872304916381838
            },
            "_endMotionPos": {
                "x": 0.0,
                "y": 0.0,
                "z": 3.6909825801849367
            }
        },
        {
            "_timeSpan": {
                "x": 0.6466667056083679,
                "y": 1.6166667938232422
            },
            "_name": "Walk",
            "_nameHash": 0,
            "_beginMotionPos": {
                "x": 0.0,
                "y": 0.0,
                "z": 3.3568947315216066
            },
            "_endMotionPos": {
                "x": 0.0,
                "y": 0.0,
                "z": 4.628118515014648
            }
        },
        {
            "_timeSpan": {
                "x": 1.535833477973938,
                "y": 1.6166667938232422
            },
            "_name": "LeftJump",
            "_nameHash": 0,
            "_beginMotionPos": {
                "x": 0.0,
                "y": 0.0,
                "z": 4.527491569519043
            },
            "_endMotionPos": {
                "x": 0.0,
                "y": 0.0,
                "z": 4.628118515014648
            }
        }
    ]
}