{
    "_phaseList": [
        {
            "_time": 0.18333333730697633,
            "_type": 2,
            "_blend": 0,
            "_customData": 0,
            "_offPos": {
                "x": 0.028835788369178773,
                "y": -0.7647457718849182,
                "z": 0.18126219511032105
            },
            "_motionPos": {
                "x": 0.0,
                "y": 0.0,
                "z": 0.13718581199645997
            },
            "_extraTrajName": [],
            "_extraTrajPos": []
        },
        {
            "_time": 0.4950000047683716,
            "_type": 9,
            "_blend": 0,
            "_customData": 0,
            "_offPos": {
                "x": 0.03579561039805412,
                "y": -0.7835104465484619,
                "z": -0.025156810879707338
            },
            "_motionPos": {
                "x": 0.0,
                "y": 0.0,
                "z": 0.3565707206726074
            },
            "_extraTrajName": [],
            "_extraTrajPos": []
        },
        {
            "_time": 1.2609375715255738,
            "_type": 8,
            "_blend": 0,
            "_customData": 0,
            "_offPos": {
                "x": -0.10679884254932404,
                "y": -0.7829167246818543,
                "z": -0.05582834780216217
            },
            "_motionPos": {
                "x": 0.0,
                "y": 0.0,
                "z": 0.40761250257492068
            },
            "_extraTrajName": [],
            "_extraTrajPos": []
        },
        {
            "_time": 1.7966667413711548,
            "_type": 8,
            "_blend": 0,
            "_customData": 0,
            "_offPos": {
                "x": -0.17654506862163545,
                "y": -0.7859646677970886,
                "z": -0.05432072654366493
            },
            "_motionPos": {
                "x": 0.0,
                "y": 0.0,
                "z": 0.40761250257492068
            },
            "_extraTrajName": [],
            "_extraTrajPos": []
        }
    ],
    "_zoneList": [
        {
            "_timeSpan": {
                "x": 0.0,
                "y": 0.7646666765213013
            },
            "_name": "Walk",
            "_nameHash": 0,
            "_beginMotionPos": {
                "x": 0.0,
                "y": 0.0,
                "z": 0.0
            },
            "_endMotionPos": {
                "x": 0.0,
                "y": 0.0,
                "z": 0.4071999788284302
            }
        },
        {
            "_timeSpan": {
                "x": 0.0,
                "y": 0.6413333415985107
            },
            "_name": "LeftJump",
            "_nameHash": 0,
            "_beginMotionPos": {
                "x": 0.0,
                "y": 0.0,
                "z": 0.0
            },
            "_endMotionPos": {
                "x": 0.0,
                "y": 0.0,
                "z": 0.3981800377368927
            }
        },
        {
            "_timeSpan": {
                "x": 0.5199999809265137,
                "y": 2.0199999809265138
            },
            "_name": "RightFootStandIK",
            "_nameHash": 0,
            "_beginMotionPos": {
                "x": 0.0,
                "y": 0.0,
                "z": 0.36703360080718996
            },
            "_endMotionPos": {
                "x": 0.0,
                "y": 0.0,
                "z": 0.40761250257492068
            }
        },
        {
            "_timeSpan": {
                "x": 0.7646666169166565,
                "y": 2.0199999809265138
            },
            "_name": "Idle",
            "_nameHash": 0,
            "_beginMotionPos": {
                "x": 0.0,
                "y": 0.0,
                "z": 0.4071999788284302
            },
            "_endMotionPos": {
                "x": 0.0,
                "y": 0.0,
                "z": 0.40761250257492068
            }
        },
        {
            "_timeSpan": {
                "x": 1.0499999523162842,
                "y": 2.0199999809265138
            },
            "_name": "LeftFootStandIK",
            "_nameHash": 0,
            "_beginMotionPos": {
                "x": 0.0,
                "y": 0.0,
                "z": 0.40761250257492068
            },
            "_endMotionPos": {
                "x": 0.0,
                "y": 0.0,
                "z": 0.40761250257492068
            }
        }
    ]
}