{
    "_phaseList": [
        {
            "_time": 0.7752000689506531,
            "_type": 2,
            "_blend": 1,
            "_customData": 0,
            "_offPos": {
                "x": 0.022141678258776666,
                "y": -0.6014194488525391,
                "z": 0.43772459030151369
            },
            "_motionPos": {
                "x": 0.0,
                "y": 0.0,
                "z": 7.601860046386719
            },
            "_extraTrajName": [],
            "_extraTrajPos": []
        },
        {
            "_time": 1.0133334398269654,
            "_type": 1,
            "_blend": 1,
            "_customData": 0,
            "_offPos": {
                "x": -0.02334020845592022,
                "y": -0.5767694115638733,
                "z": 0.42946529388427737
            },
            "_motionPos": {
                "x": 0.0,
                "y": 0.0,
                "z": 9.362203598022461
            },
            "_extraTrajName": [],
            "_extraTrajPos": []
        }
    ],
    "_zoneList": [
        {
            "_timeSpan": {
                "x": -0.012666667811572552,
                "y": 1.2961667776107789
            },
            "_name": "Sprint",
            "_nameHash": 0,
            "_beginMotionPos": {
                "x": 0.0,
                "y": 0.0,
                "z": 0.0
            },
            "_endMotionPos": {
                "x": 0.0,
                "y": 0.0,
                "z": 11.38056468963623
            }
        }
    ]
}