{
    "_phaseList": [
        {
            "_time": 0.18680202960968018,
            "_type": 9,
            "_blend": 2,
            "_customData": 0,
            "_offPos": {
                "x": 0.14129391312599183,
                "y": -0.5230398178100586,
                "z": -0.2649153470993042
            },
            "_motionPos": {
                "x": 0.0,
                "y": 0.0,
                "z": 1.2654852867126465
            },
            "_extraTrajName": [],
            "_extraTrajPos": []
        },
        {
            "_time": 0.40203046798706057,
            "_type": 8,
            "_blend": 2,
            "_customData": 0,
            "_offPos": {
                "x": -0.10482358187437058,
                "y": -0.6056277751922607,
                "z": -0.25851869583129885
            },
            "_motionPos": {
                "x": 0.0,
                "y": 0.0,
                "z": 2.822675943374634
            },
            "_extraTrajName": [],
            "_extraTrajPos": []
        },
        {
            "_time": 0.7716049551963806,
            "_type": 1,
            "_blend": 1,
            "_customData": 0,
            "_offPos": {
                "x": -0.020450297743082048,
                "y": -0.6241664886474609,
                "z": 0.4218721389770508
            },
            "_motionPos": {
                "x": 0.0,
                "y": 0.0,
                "z": 5.481606483459473
            },
            "_extraTrajName": [],
            "_extraTrajPos": []
        },
        {
            "_time": 1.0049179792404175,
            "_type": 2,
            "_blend": 1,
            "_customData": 0,
            "_offPos": {
                "x": 0.023848820477724077,
                "y": -0.6296980977058411,
                "z": 0.40846920013427737
            },
            "_motionPos": {
                "x": 0.0,
                "y": 0.0,
                "z": 7.22813081741333
            },
            "_extraTrajName": [],
            "_extraTrajPos": []
        }
    ],
    "_zoneList": [
        {
            "_timeSpan": {
                "x": 0.0,
                "y": 1.0166667699813843
            },
            "_name": "Sprint",
            "_nameHash": 0,
            "_beginMotionPos": {
                "x": 0.0,
                "y": 0.0,
                "z": 0.0
            },
            "_endMotionPos": {
                "x": 0.0,
                "y": 0.0,
                "z": 7.287450313568115
            }
        }
    ]
}