{
    "_phaseList": [
        {
            "_time": 0.9166666865348816,
            "_type": 1,
            "_blend": 0,
            "_customData": 0,
            "_offPos": {
                "x": -0.1064290702342987,
                "y": -0.2888394296169281,
                "z": 0.32266607880592348
            },
            "_motionPos": {
                "x": 0.0,
                "y": 0.0,
                "z": 0.0
            },
            "_extraTrajName": [],
            "_extraTrajPos": []
        }
    ],
    "_zoneList": []
}