{
    "_phaseList": [
        {
            "_time": 0.1899999976158142,
            "_type": 2,
            "_blend": 0,
            "_customData": 0,
            "_offPos": {
                "x": -0.0021501537412405016,
                "y": -0.6960895657539368,
                "z": 0.34006381034851076
            },
            "_motionPos": {
                "x": 0.0,
                "y": 0.0,
                "z": 1.0985665321350098
            },
            "_extraTrajName": [],
            "_extraTrajPos": []
        },
        {
            "_time": 0.30522647500038149,
            "_type": 9,
            "_blend": 0,
            "_customData": 0,
            "_offPos": {
                "x": 0.004264721646904945,
                "y": -0.7209604978561401,
                "z": -0.2740452289581299
            },
            "_motionPos": {
                "x": 0.0,
                "y": 0.0,
                "z": 1.7647978067398072
            },
            "_extraTrajName": [],
            "_extraTrajPos": []
        },
        {
            "_time": 0.527671217918396,
            "_type": 1,
            "_blend": 0,
            "_customData": 0,
            "_offPos": {
                "x": 0.0013480745255947114,
                "y": -0.7041139602661133,
                "z": 0.3268594741821289
            },
            "_motionPos": {
                "x": 0.0,
                "y": 0.0,
                "z": 3.050957679748535
            },
            "_extraTrajName": [],
            "_extraTrajPos": []
        },
        {
            "_time": 0.6418118476867676,
            "_type": 8,
            "_blend": 0,
            "_customData": 0,
            "_offPos": {
                "x": -0.0013806633651256562,
                "y": -0.7072762250900269,
                "z": -0.30947208404541018
            },
            "_motionPos": {
                "x": 0.0,
                "y": 0.0,
                "z": 3.7109107971191408
            },
            "_extraTrajName": [],
            "_extraTrajPos": []
        }
    ],
    "_zoneList": [
        {
            "_timeSpan": {
                "x": -0.005999995395541191,
                "y": 0.05699997767806053
            },
            "_name": "LeftJump",
            "_nameHash": 0,
            "_beginMotionPos": {
                "x": 0.0,
                "y": 0.0,
                "z": 0.0
            },
            "_endMotionPos": {
                "x": 0.0,
                "y": 0.0,
                "z": 0.32956987619400027
            }
        },
        {
            "_timeSpan": {
                "x": -0.005999982822686434,
                "y": 0.1666666716337204
            },
            "_name": "ToIdleNotMirror",
            "_nameHash": 0,
            "_beginMotionPos": {
                "x": 0.0,
                "y": 0.0,
                "z": 0.0
            },
            "_endMotionPos": {
                "x": 0.0,
                "y": 0.0,
                "z": 0.9636549353599548
            }
        },
        {
            "_timeSpan": {
                "x": -0.0020000264048576357,
                "y": 0.6849998831748962
            },
            "_name": "Move",
            "_nameHash": 0,
            "_beginMotionPos": {
                "x": 0.0,
                "y": 0.0,
                "z": 0.0
            },
            "_endMotionPos": {
                "x": 0.0,
                "y": 0.0,
                "z": 3.8546199798583986
            }
        },
        {
            "_timeSpan": {
                "x": -0.001999989151954651,
                "y": 0.6859999895095825
            },
            "_name": "Steerable",
            "_nameHash": 0,
            "_beginMotionPos": {
                "x": 0.0,
                "y": 0.0,
                "z": 0.0
            },
            "_endMotionPos": {
                "x": 0.0,
                "y": 0.0,
                "z": 3.8546199798583986
            }
        },
        {
            "_timeSpan": {
                "x": 2.9802322387695315e-8,
                "y": 0.6870000958442688
            },
            "_name": "Run",
            "_nameHash": 0,
            "_beginMotionPos": {
                "x": 0.0,
                "y": 0.0,
                "z": 1.7231495519354213e-7
            },
            "_endMotionPos": {
                "x": 0.0,
                "y": 0.0,
                "z": 3.8546199798583986
            }
        },
        {
            "_timeSpan": {
                "x": 0.1666666716337204,
                "y": 0.5
            },
            "_name": "ToIdleMirror",
            "_nameHash": 0,
            "_beginMotionPos": {
                "x": 0.0,
                "y": 0.0,
                "z": 0.9636549353599548
            },
            "_endMotionPos": {
                "x": 0.0,
                "y": 0.0,
                "z": 2.8909645080566408
            }
        },
        {
            "_timeSpan": {
                "x": 0.18050846457481385,
                "y": 0.295244961977005
            },
            "_name": "RightFootHillIK",
            "_nameHash": 0,
            "_beginMotionPos": {
                "x": 0.0,
                "y": 0.0,
                "z": 1.0436872243881226
            },
            "_endMotionPos": {
                "x": 0.0,
                "y": 0.0,
                "z": 1.707085371017456
            }
        },
        {
            "_timeSpan": {
                "x": 0.4010000228881836,
                "y": 0.6910001039505005
            },
            "_name": "LeftJump",
            "_nameHash": 0,
            "_beginMotionPos": {
                "x": 0.0,
                "y": 0.0,
                "z": 2.3185536861419679
            },
            "_endMotionPos": {
                "x": 0.0,
                "y": 0.0,
                "z": 3.8546199798583986
            }
        },
        {
            "_timeSpan": {
                "x": 0.5,
                "y": 0.6733333468437195
            },
            "_name": "ToIdleNotMirror",
            "_nameHash": 0,
            "_beginMotionPos": {
                "x": 0.0,
                "y": 0.0,
                "z": 2.8909645080566408
            },
            "_endMotionPos": {
                "x": 0.0,
                "y": 0.0,
                "z": 3.8546199798583986
            }
        },
        {
            "_timeSpan": {
                "x": 0.5137795805931091,
                "y": 0.6246151924133301
            },
            "_name": "LeftFootHillIK",
            "_nameHash": 0,
            "_beginMotionPos": {
                "x": 0.0,
                "y": 0.0,
                "z": 2.970637321472168
            },
            "_endMotionPos": {
                "x": 0.0,
                "y": 0.0,
                "z": 3.611480951309204
            }
        }
    ]
}