{
    "_phaseList": [
        {
            "_time": 0.23600001633167268,
            "_type": 1999,
            "_blend": 0,
            "_customData": 1,
            "_offPos": {
                "x": 0.0,
                "y": 0.0,
                "z": 0.0
            },
            "_motionPos": {
                "x": 0.0,
                "y": -7.719521910587446e-9,
                "z": 1.531014084815979
            },
            "_extraTrajName": [],
            "_extraTrajPos": []
        },
        {
            "_time": 0.3700000047683716,
            "_type": 1999,
            "_blend": 0,
            "_customData": 2,
            "_offPos": {
                "x": 0.0,
                "y": 0.0,
                "z": 0.0
            },
            "_motionPos": {
                "x": 0.0,
                "y": -8.074945712088777e-10,
                "z": 1.8578155040740967
            },
            "_extraTrajName": [],
            "_extraTrajPos": []
        }
    ],
    "_zoneList": []
}