{
    "_phaseList": [
        {
            "_time": 0.42083340883255007,
            "_type": 1,
            "_blend": 0,
            "_customData": 0,
            "_offPos": {
                "x": -0.09835965931415558,
                "y": -0.7307807803153992,
                "z": 0.2639089822769165
            },
            "_motionPos": {
                "x": 0.0,
                "y": 0.0,
                "z": 1.6844850778579713
            },
            "_extraTrajName": [],
            "_extraTrajPos": []
        },
        {
            "_time": 0.7562500238418579,
            "_type": 2,
            "_blend": 0,
            "_customData": 0,
            "_offPos": {
                "x": -0.0017829667776823044,
                "y": -0.7045270204544067,
                "z": 0.26404857635498049
            },
            "_motionPos": {
                "x": 0.0,
                "y": 0.0,
                "z": 3.416919231414795
            },
            "_extraTrajName": [],
            "_extraTrajPos": []
        },
        {
            "_time": 0.8630000352859497,
            "_type": 9,
            "_blend": 0,
            "_customData": 0,
            "_offPos": {
                "x": -0.0023865457624197008,
                "y": -0.7365458011627197,
                "z": -0.23120951652526856
            },
            "_motionPos": {
                "x": 0.0,
                "y": 0.0,
                "z": 3.9338061809539797
            },
            "_extraTrajName": [],
            "_extraTrajPos": []
        }
    ],
    "_zoneList": [
        {
            "_timeSpan": {
                "x": -0.010999977588653565,
                "y": 1.0750001668930054
            },
            "_name": "Move",
            "_nameHash": 0,
            "_beginMotionPos": {
                "x": 0.0,
                "y": 0.0,
                "z": 0.0
            },
            "_endMotionPos": {
                "x": 0.0,
                "y": 0.0,
                "z": 5.024763107299805
            }
        },
        {
            "_timeSpan": {
                "x": -0.003999993205070496,
                "y": 1.0809999704360963
            },
            "_name": "Run",
            "_nameHash": 0,
            "_beginMotionPos": {
                "x": 0.0,
                "y": 0.0,
                "z": 0.0
            },
            "_endMotionPos": {
                "x": 0.0,
                "y": 0.0,
                "z": 5.024763107299805
            }
        },
        {
            "_timeSpan": {
                "x": 0.3400000333786011,
                "y": 0.6710000038146973
            },
            "_name": "LeftJump",
            "_nameHash": 0,
            "_beginMotionPos": {
                "x": 0.0,
                "y": 0.0,
                "z": 1.311232328414917
            },
            "_endMotionPos": {
                "x": 0.0,
                "y": 0.0,
                "z": 2.9457364082336427
            }
        },
        {
            "_timeSpan": {
                "x": 0.9810002446174622,
                "y": 1.0460001230239869
            },
            "_name": "LeftJump",
            "_nameHash": 0,
            "_beginMotionPos": {
                "x": 0.0,
                "y": 0.0,
                "z": 4.562580108642578
            },
            "_endMotionPos": {
                "x": 0.0,
                "y": 0.0,
                "z": 4.91528844833374
            }
        }
    ]
}