{
    "_phaseList": [
        {
            "_time": 0.13900001347064973,
            "_type": 2,
            "_blend": 0,
            "_customData": 0,
            "_offPos": {
                "x": 0.24649548530578614,
                "y": -0.5237246155738831,
                "z": 0.28610825538635256
            },
            "_motionPos": {
                "x": 0.0,
                "y": 0.0,
                "z": 0.8621839880943298
            },
            "_extraTrajName": [],
            "_extraTrajPos": []
        },
        {
            "_time": 0.418181836605072,
            "_type": 1,
            "_blend": 0,
            "_customData": 0,
            "_offPos": {
                "x": -0.14828279614448548,
                "y": -0.6349830031394959,
                "z": -0.11689949035644531
            },
            "_motionPos": {
                "x": 0.0,
                "y": 0.0,
                "z": 2.343492269515991
            },
            "_extraTrajName": [],
            "_extraTrajPos": []
        },
        {
            "_time": 0.9800001382827759,
            "_type": 1,
            "_blend": 0,
            "_customData": 0,
            "_offPos": {
                "x": 0.002306632697582245,
                "y": -0.6851319074630737,
                "z": 0.36071300506591799
            },
            "_motionPos": {
                "x": 0.0,
                "y": 0.0,
                "z": 5.449433326721191
            },
            "_extraTrajName": [],
            "_extraTrajPos": []
        }
    ],
    "_zoneList": [
        {
            "_timeSpan": {
                "x": 0.0,
                "y": 1.0000001192092896
            },
            "_name": "Move",
            "_nameHash": 0,
            "_beginMotionPos": {
                "x": 0.0,
                "y": 0.0,
                "z": 0.0
            },
            "_endMotionPos": {
                "x": 0.0,
                "y": 0.0,
                "z": 5.560001373291016
            }
        },
        {
            "_timeSpan": {
                "x": 0.06199996918439865,
                "y": 1.0000001192092896
            },
            "_name": "Run",
            "_nameHash": 0,
            "_beginMotionPos": {
                "x": 0.0,
                "y": 0.0,
                "z": 0.46086564660072329
            },
            "_endMotionPos": {
                "x": 0.0,
                "y": 0.0,
                "z": 5.560001373291016
            }
        },
        {
            "_timeSpan": {
                "x": 0.31400004029273989,
                "y": 0.6500000953674316
            },
            "_name": "LeftJump",
            "_nameHash": 0,
            "_beginMotionPos": {
                "x": 0.0,
                "y": 0.0,
                "z": 1.791806936264038
            },
            "_endMotionPos": {
                "x": 0.0,
                "y": 0.0,
                "z": 3.6242990493774416
            }
        }
    ]
}