{
    "_phaseList": [
        {
            "_time": 0.3104894757270813,
            "_type": 9,
            "_blend": 2,
            "_customData": 0,
            "_offPos": {
                "x": 0.0016868971288204194,
                "y": -0.7027699947357178,
                "z": -0.2947593927383423
            },
            "_motionPos": {
                "x": 0.0,
                "y": 0.0,
                "z": 1.7447471618652344
            },
            "_extraTrajName": [],
            "_extraTrajPos": []
        },
        {
            "_time": 0.5296875238418579,
            "_type": 1,
            "_blend": 2,
            "_customData": 0,
            "_offPos": {
                "x": -0.057499587535858157,
                "y": -0.7095340490341187,
                "z": 0.3381001949310303
            },
            "_motionPos": {
                "x": 0.0,
                "y": 0.0,
                "z": 2.6489899158477785
            },
            "_extraTrajName": [],
            "_extraTrajPos": []
        },
        {
            "_time": 1.1533981561660767,
            "_type": 9,
            "_blend": 1,
            "_customData": 0,
            "_offPos": {
                "x": 0.027047602459788324,
                "y": -0.7892683744430542,
                "z": -0.0285031795501709
            },
            "_motionPos": {
                "x": 0.0,
                "y": 0.0,
                "z": 3.7324764728546144
            },
            "_extraTrajName": [],
            "_extraTrajPos": []
        },
        {
            "_time": 1.4296875,
            "_type": 1,
            "_blend": 1,
            "_customData": 0,
            "_offPos": {
                "x": -0.04061179608106613,
                "y": -0.740415632724762,
                "z": 0.28049659729003909
            },
            "_motionPos": {
                "x": 0.0,
                "y": 0.0,
                "z": 4.0908050537109379
            },
            "_extraTrajName": [],
            "_extraTrajPos": []
        }
    ],
    "_zoneList": [
        {
            "_timeSpan": {
                "x": 0.0,
                "y": 0.18333333730697633
            },
            "_name": "LeftJump",
            "_nameHash": 0,
            "_beginMotionPos": {
                "x": 0.0,
                "y": 0.0,
                "z": 0.0
            },
            "_endMotionPos": {
                "x": 0.0,
                "y": 0.0,
                "z": 1.0430407524108887
            }
        },
        {
            "_timeSpan": {
                "x": 0.0,
                "y": 0.7516666650772095
            },
            "_name": "Run",
            "_nameHash": 0,
            "_beginMotionPos": {
                "x": 0.0,
                "y": 0.0,
                "z": 0.0
            },
            "_endMotionPos": {
                "x": 0.0,
                "y": 0.0,
                "z": 3.186455726623535
            }
        },
        {
            "_timeSpan": {
                "x": 0.5133333206176758,
                "y": 0.8799999952316284
            },
            "_name": "LeftJump",
            "_nameHash": 0,
            "_beginMotionPos": {
                "x": 0.0,
                "y": 0.0,
                "z": 2.593322515487671
            },
            "_endMotionPos": {
                "x": 0.0,
                "y": 0.0,
                "z": 3.410841226577759
            }
        },
        {
            "_timeSpan": {
                "x": 0.7516666650772095,
                "y": 1.8333333730697632
            },
            "_name": "Walk",
            "_nameHash": 0,
            "_beginMotionPos": {
                "x": 0.0,
                "y": 0.0,
                "z": 3.186455726623535
            },
            "_endMotionPos": {
                "x": 0.0,
                "y": 0.0,
                "z": 4.636977672576904
            }
        },
        {
            "_timeSpan": {
                "x": 1.4300000667572022,
                "y": 1.8333333730697632
            },
            "_name": "LeftJump",
            "_nameHash": 0,
            "_beginMotionPos": {
                "x": 0.0,
                "y": 0.0,
                "z": 4.091220855712891
            },
            "_endMotionPos": {
                "x": 0.0,
                "y": 0.0,
                "z": 4.636977672576904
            }
        }
    ]
}