{
    "_phaseList": [
        {
            "_time": 0.4440000355243683,
            "_type": 1,
            "_blend": 1,
            "_customData": 0,
            "_offPos": {
                "x": -0.0014086700975894929,
                "y": -0.7014912962913513,
                "z": 0.32738256454467776
            },
            "_motionPos": {
                "x": 0.0,
                "y": 0.0,
                "z": 2.5671792030334474
            },
            "_extraTrajName": [],
            "_extraTrajPos": []
        }
    ],
    "_zoneList": [
        {
            "_timeSpan": {
                "x": 0.0,
                "y": 0.6666666865348816
            },
            "_name": "Move",
            "_nameHash": 0,
            "_beginMotionPos": {
                "x": 0.0,
                "y": 0.0,
                "z": 0.0
            },
            "_endMotionPos": {
                "x": 0.0,
                "y": 0.0,
                "z": 3.3727927207946779
            }
        },
        {
            "_timeSpan": {
                "x": 0.0,
                "y": 0.6666666865348816
            },
            "_name": "Run",
            "_nameHash": 0,
            "_beginMotionPos": {
                "x": 0.0,
                "y": 0.0,
                "z": 0.0
            },
            "_endMotionPos": {
                "x": 0.0,
                "y": 0.0,
                "z": 3.3727927207946779
            }
        }
    ]
}