{
    "_phaseList": [
        {
            "_time": 0.026000000536441804,
            "_type": 2,
            "_blend": 0,
            "_customData": 0,
            "_offPos": {
                "x": 0.03771594166755676,
                "y": -0.7428976893424988,
                "z": 0.2671630382537842
            },
            "_motionPos": {
                "x": 0.0,
                "y": 0.0,
                "z": 0.03464715927839279
            },
            "_extraTrajName": [],
            "_extraTrajPos": []
        },
        {
            "_time": 0.2828100323677063,
            "_type": 9,
            "_blend": 0,
            "_customData": 0,
            "_offPos": {
                "x": 0.029340507462620736,
                "y": -0.7893991470336914,
                "z": -0.033549994230270389
            },
            "_motionPos": {
                "x": 0.0,
                "y": 0.0,
                "z": 0.3768678605556488
            },
            "_extraTrajName": [],
            "_extraTrajPos": []
        },
        {
            "_time": 0.5671600699424744,
            "_type": 1,
            "_blend": 0,
            "_customData": 0,
            "_offPos": {
                "x": -0.035704415291547778,
                "y": -0.7406719326972961,
                "z": 0.27447623014450076
            },
            "_motionPos": {
                "x": 0.0,
                "y": 0.0,
                "z": 0.7557878494262695
            },
            "_extraTrajName": [],
            "_extraTrajPos": []
        },
        {
            "_time": 0.8442500829696655,
            "_type": 8,
            "_blend": 0,
            "_customData": 0,
            "_offPos": {
                "x": -0.022714529186487199,
                "y": -0.790267288684845,
                "z": -0.03604412078857422
            },
            "_motionPos": {
                "x": 0.0,
                "y": 0.0,
                "z": 1.1250333786010743
            },
            "_extraTrajName": [],
            "_extraTrajPos": []
        }
    ],
    "_zoneList": [
        {
            "_timeSpan": {
                "x": -0.013333332724869252,
                "y": 0.27500003576278689
            },
            "_name": "WalkStopRightWeapon1",
            "_nameHash": 0,
            "_beginMotionPos": {
                "x": 0.0,
                "y": 0.0,
                "z": 0.0
            },
            "_endMotionPos": {
                "x": 0.0,
                "y": 0.0,
                "z": 0.366460382938385
            }
        },
        {
            "_timeSpan": {
                "x": -0.011000001803040505,
                "y": 0.11000001430511475
            },
            "_name": "RunbsMirror",
            "_nameHash": 0,
            "_beginMotionPos": {
                "x": 0.0,
                "y": 0.0,
                "z": 0.0
            },
            "_endMotionPos": {
                "x": 0.0,
                "y": 0.0,
                "z": 0.146584153175354
            }
        },
        {
            "_timeSpan": {
                "x": 0.0,
                "y": 1.1000001430511475
            },
            "_name": "Walk",
            "_nameHash": 0,
            "_beginMotionPos": {
                "x": 0.0,
                "y": 0.0,
                "z": 0.0
            },
            "_endMotionPos": {
                "x": 0.0,
                "y": 0.0,
                "z": 1.4658414125442505
            }
        },
        {
            "_timeSpan": {
                "x": 0.05500000715255737,
                "y": 0.49500006437301638
            },
            "_name": "RightFootHillIK",
            "_nameHash": 0,
            "_beginMotionPos": {
                "x": 0.0,
                "y": 0.0,
                "z": 0.073292076587677
            },
            "_endMotionPos": {
                "x": 0.0,
                "y": 0.0,
                "z": 0.659628689289093
            }
        },
        {
            "_timeSpan": {
                "x": 0.11000001430511475,
                "y": 0.6600000858306885
            },
            "_name": "Runbs",
            "_nameHash": 0,
            "_beginMotionPos": {
                "x": 0.0,
                "y": 0.0,
                "z": 0.146584153175354
            },
            "_endMotionPos": {
                "x": 0.0,
                "y": 0.0,
                "z": 0.8795047998428345
            }
        },
        {
            "_timeSpan": {
                "x": 0.27500003576278689,
                "y": 0.5500000715255737
            },
            "_name": "WalkStopRightWeapon",
            "_nameHash": 0,
            "_beginMotionPos": {
                "x": 0.0,
                "y": 0.0,
                "z": 0.366460382938385
            },
            "_endMotionPos": {
                "x": 0.0,
                "y": 0.0,
                "z": 0.7329207062721252
            }
        },
        {
            "_timeSpan": {
                "x": 0.5280000567436218,
                "y": 1.1000001430511475
            },
            "_name": "LeftJump",
            "_nameHash": 0,
            "_beginMotionPos": {
                "x": 0.0,
                "y": 0.0,
                "z": 0.7036038637161255
            },
            "_endMotionPos": {
                "x": 0.0,
                "y": 0.0,
                "z": 1.4658414125442505
            }
        },
        {
            "_timeSpan": {
                "x": 0.5500000715255737,
                "y": 0.8250001072883606
            },
            "_name": "WalkStopLeftWeapon1",
            "_nameHash": 0,
            "_beginMotionPos": {
                "x": 0.0,
                "y": 0.0,
                "z": 0.7329207062721252
            },
            "_endMotionPos": {
                "x": 0.0,
                "y": 0.0,
                "z": 1.0993808507919312
            }
        },
        {
            "_timeSpan": {
                "x": 0.6050000786781311,
                "y": 1.0450000762939454
            },
            "_name": "LeftFootHillIK",
            "_nameHash": 0,
            "_beginMotionPos": {
                "x": 0.0,
                "y": 0.0,
                "z": 0.8062127828598023
            },
            "_endMotionPos": {
                "x": 0.0,
                "y": 0.0,
                "z": 1.3925493955612183
            }
        },
        {
            "_timeSpan": {
                "x": 0.6600000858306885,
                "y": 1.1110001802444459
            },
            "_name": "RunbsMirror",
            "_nameHash": 0,
            "_beginMotionPos": {
                "x": 0.0,
                "y": 0.0,
                "z": 0.8795047998428345
            },
            "_endMotionPos": {
                "x": 0.0,
                "y": 0.0,
                "z": 1.4658414125442505
            }
        },
        {
            "_timeSpan": {
                "x": 0.8250001072883606,
                "y": 1.1110001802444459
            },
            "_name": "WalkStopLeftWeapon",
            "_nameHash": 0,
            "_beginMotionPos": {
                "x": 0.0,
                "y": 0.0,
                "z": 1.0993808507919312
            },
            "_endMotionPos": {
                "x": 0.0,
                "y": 0.0,
                "z": 1.4658414125442505
            }
        }
    ]
}