{
    "_phaseList": [
        {
            "_time": 0.5130000114440918,
            "_type": 8,
            "_blend": 0,
            "_customData": 0,
            "_offPos": {
                "x": -0.1573418527841568,
                "y": -0.677149772644043,
                "z": 0.051637887954711917
            },
            "_motionPos": {
                "x": 0.0,
                "y": 0.0,
                "z": 3.119598627090454
            },
            "_extraTrajName": [],
            "_extraTrajPos": []
        },
        {
            "_time": 0.796000063419342,
            "_type": 2,
            "_blend": 0,
            "_customData": 0,
            "_offPos": {
                "x": -0.02449294924736023,
                "y": -0.7457137703895569,
                "z": 0.30732011795043948
            },
            "_motionPos": {
                "x": 0.0,
                "y": 0.0,
                "z": 4.771200656890869
            },
            "_extraTrajName": [],
            "_extraTrajPos": []
        },
        {
            "_time": 0.8870000243186951,
            "_type": 9,
            "_blend": 0,
            "_customData": 0,
            "_offPos": {
                "x": -0.015674374997615815,
                "y": -0.6705087423324585,
                "z": -0.1419377326965332
            },
            "_motionPos": {
                "x": 0.0,
                "y": 0.0,
                "z": 5.284053325653076
            },
            "_extraTrajName": [],
            "_extraTrajPos": []
        }
    ],
    "_zoneList": [
        {
            "_timeSpan": {
                "x": -0.0169999897480011,
                "y": 1.1150000095367432
            },
            "_name": "Move",
            "_nameHash": 0,
            "_beginMotionPos": {
                "x": 0.0,
                "y": 0.0,
                "z": 0.0
            },
            "_endMotionPos": {
                "x": 0.0,
                "y": 0.0,
                "z": 6.49705171585083
            }
        },
        {
            "_timeSpan": {
                "x": 0.4819999933242798,
                "y": 0.6779999732971191
            },
            "_name": "LeftJump",
            "_nameHash": 0,
            "_beginMotionPos": {
                "x": 0.0,
                "y": 0.0,
                "z": 2.931084632873535
            },
            "_endMotionPos": {
                "x": 0.0,
                "y": 0.0,
                "z": 4.09850549697876
            }
        },
        {
            "_timeSpan": {
                "x": 0.48499995470046999,
                "y": 1.1000001430511475
            },
            "_name": "Run",
            "_nameHash": 0,
            "_beginMotionPos": {
                "x": 0.0,
                "y": 0.0,
                "z": 2.9493274688720705
            },
            "_endMotionPos": {
                "x": 0.0,
                "y": 0.0,
                "z": 6.49705171585083
            }
        },
        {
            "_timeSpan": {
                "x": 0.9860000014305115,
                "y": 1.1110000610351563
            },
            "_name": "LeftJump",
            "_nameHash": 0,
            "_beginMotionPos": {
                "x": 0.0,
                "y": 0.0,
                "z": 5.844202995300293
            },
            "_endMotionPos": {
                "x": 0.0,
                "y": 0.0,
                "z": 6.49705171585083
            }
        }
    ]
}