{"navMeshDatas":[{"_center":{"x":146.24761962890626,"y":7.442787170410156,"z":159.71273803710938},"_size":{"x":151.792236328125,"y":86.62843322753906,"z":142.72515869140626},"_prefabPath":"Assets/MoleRes/Rel/SRes/Build/MapEditor/NavMesh/scene 20005/block -1/navmesh000_agent0"}]}