{"navMeshDatas":[{"_center":{"x":146.24761962890626,"y":7.442787170410156,"z":159.71275329589845},"_size":{"x":151.792236328125,"y":86.62843322753906,"z":142.72512817382813},"_prefabPath":"Assets/MoleRes/Rel/SRes/Build/MapEditor/NavMesh/scene_20005/block_20005/navmesh000_agent0"}]}