{
    "navMeshDatas": [
        {
            "_center": {
                "x": 92.33927154541016,
                "y": 28.860801696777345,
                "z": -0.07425689697265625
            },
            "_size": {
                "x": 244.50466918945313,
                "y": 83.61454772949219,
                "z": 126.45443725585938
            },
            "_prefabPath": "Assets/MoleRes/Rel/SRes/Build/MapEditor/NavMesh/scene_1006/block_1006/navmesh000_agent0"
        }
    ]
}