{
    "_phaseList": [
        {
            "_time": 0.7720338702201843,
            "_type": 2,
            "_blend": 0,
            "_customData": 0,
            "_offPos": {
                "x": 0.12348436564207077,
                "y": -0.6669791340827942,
                "z": 0.13631677627563477
            },
            "_motionPos": {
                "x": 2.1382632553468285e-7,
                "y": -2.1382632553468285e-7,
                "z": 4.896459579467773
            },
            "_extraTrajName": [],
            "_extraTrajPos": []
        },
        {
            "_time": 0.9923728704452515,
            "_type": 1,
            "_blend": 0,
            "_customData": 0,
            "_offPos": {
                "x": -0.07674869894981384,
                "y": -0.6042543649673462,
                "z": 0.409665584564209
            },
            "_motionPos": {
                "x": 2.8335836077530987e-7,
                "y": -2.8335836077530987e-7,
                "z": 6.453366279602051
            },
            "_extraTrajName": [],
            "_extraTrajPos": []
        },
        {
            "_time": 1.2084745168685914,
            "_type": 2,
            "_blend": 0,
            "_customData": 0,
            "_offPos": {
                "x": 0.026803914457559587,
                "y": -0.6340912580490112,
                "z": 0.43153905868530276
            },
            "_motionPos": {
                "x": 3.6068129816158037e-7,
                "y": -3.6068129816158037e-7,
                "z": 8.26699161529541
            },
            "_extraTrajName": [],
            "_extraTrajPos": []
        },
        {
            "_time": 1.424516201019287,
            "_type": 1,
            "_blend": 0,
            "_customData": 0,
            "_offPos": {
                "x": -0.01783299259841442,
                "y": -0.6371496319770813,
                "z": 0.4048185348510742
            },
            "_motionPos": {
                "x": 4.3120206782987227e-7,
                "y": -4.3120206782987227e-7,
                "z": 9.891169548034668
            },
            "_extraTrajName": [],
            "_extraTrajPos": []
        }
    ],
    "_zoneList": [
        {
            "_timeSpan": {
                "x": -0.003999984357506037,
                "y": 0.8325001001358032
            },
            "_name": "Run",
            "_nameHash": 0,
            "_beginMotionPos": {
                "x": 0.0,
                "y": 0.0,
                "z": 0.0
            },
            "_endMotionPos": {
                "x": 2.322939423038406e-7,
                "y": -2.322939423038406e-7,
                "z": 5.308782577514648
            }
        },
        {
            "_timeSpan": {
                "x": 0.8335000276565552,
                "y": 1.725342869758606
            },
            "_name": "Sprint",
            "_nameHash": 0,
            "_beginMotionPos": {
                "x": 2.326018773146643e-7,
                "y": -2.326018773146643e-7,
                "z": 5.315612316131592
            },
            "_endMotionPos": {
                "x": 4.5295229256225868e-7,
                "y": -4.5295229256225868e-7,
                "z": 10.367408752441407
            }
        }
    ]
}