{
    "_phaseList": [
        {
            "_time": 0.032999999821186069,
            "_type": 2,
            "_blend": 0,
            "_customData": 0,
            "_offPos": {
                "x": 0.08468703180551529,
                "y": -0.411995530128479,
                "z": 0.312692791223526
            },
            "_motionPos": {
                "x": 0.0,
                "y": 0.0,
                "z": 0.03583168238401413
            },
            "_extraTrajName": [],
            "_extraTrajPos": []
        },
        {
            "_time": 0.5830000042915344,
            "_type": 1,
            "_blend": 0,
            "_customData": 0,
            "_offPos": {
                "x": -0.03410501778125763,
                "y": -0.4167909622192383,
                "z": 0.314087450504303
            },
            "_motionPos": {
                "x": 0.0,
                "y": 0.0,
                "z": 0.6330263614654541
            },
            "_extraTrajName": [],
            "_extraTrajPos": []
        }
    ],
    "_zoneList": []
}