{
    "_phaseList": [
        {
            "_time": 0.6678111553192139,
            "_type": 2,
            "_blend": 0,
            "_customData": 0,
            "_offPos": {
                "x": -0.008457533083856106,
                "y": -0.6886197328567505,
                "z": 0.33827733993530276
            },
            "_motionPos": {
                "x": 0.0,
                "y": 0.0,
                "z": 3.7888271808624269
            },
            "_extraTrajName": [],
            "_extraTrajPos": []
        },
        {
            "_time": 0.7630901336669922,
            "_type": 9,
            "_blend": 0,
            "_customData": 0,
            "_offPos": {
                "x": -0.005483560264110565,
                "y": -0.7311819195747376,
                "z": -0.11930322647094727
            },
            "_motionPos": {
                "x": 0.0,
                "y": 0.0,
                "z": 4.306056022644043
            },
            "_extraTrajName": [],
            "_extraTrajPos": []
        },
        {
            "_time": 0.9963334202766419,
            "_type": 1,
            "_blend": 0,
            "_customData": 0,
            "_offPos": {
                "x": 0.0022918684408068659,
                "y": -0.6847963929176331,
                "z": 0.36127138137817385
            },
            "_motionPos": {
                "x": 0.0,
                "y": 0.0,
                "z": 5.581456661224365
            },
            "_extraTrajName": [],
            "_extraTrajPos": []
        }
    ],
    "_zoneList": [
        {
            "_timeSpan": {
                "x": 0.0,
                "y": 1.0166667699813843
            },
            "_name": "Move",
            "_nameHash": 0,
            "_beginMotionPos": {
                "x": 0.0,
                "y": 0.0,
                "z": 0.0
            },
            "_endMotionPos": {
                "x": 0.0,
                "y": 0.0,
                "z": 5.692209243774414
            }
        },
        {
            "_timeSpan": {
                "x": 0.44733336567878725,
                "y": 0.6608334183692932
            },
            "_name": "LeftJump",
            "_nameHash": 0,
            "_beginMotionPos": {
                "x": 0.0,
                "y": 0.0,
                "z": 2.7162222862243654
            },
            "_endMotionPos": {
                "x": 0.0,
                "y": 0.0,
                "z": 3.751174211502075
            }
        },
        {
            "_timeSpan": {
                "x": 0.4778333902359009,
                "y": 1.0166667699813843
            },
            "_name": "Run",
            "_nameHash": 0,
            "_beginMotionPos": {
                "x": 0.0,
                "y": 0.0,
                "z": 2.854418992996216
            },
            "_endMotionPos": {
                "x": 0.0,
                "y": 0.0,
                "z": 5.692209243774414
            }
        }
    ]
}