{
    "_phaseList": [
        {
            "_time": 0.030000001192092897,
            "_type": 2,
            "_blend": 0,
            "_customData": 0,
            "_offPos": {
                "x": 0.03624782711267471,
                "y": -0.7481061220169067,
                "z": 0.2641719877719879
            },
            "_motionPos": {
                "x": 0.0,
                "y": 0.0,
                "z": 0.03997749835252762
            },
            "_extraTrajName": [],
            "_extraTrajPos": []
        },
        {
            "_time": 0.28142857551574709,
            "_type": 9,
            "_blend": 0,
            "_customData": 0,
            "_offPos": {
                "x": 0.027231872081756593,
                "y": -0.7918413281440735,
                "z": -0.022438347339630128
            },
            "_motionPos": {
                "x": 0.0,
                "y": 0.0,
                "z": 0.375027060508728
            },
            "_extraTrajName": [],
            "_extraTrajPos": []
        },
        {
            "_time": 0.5571428537368774,
            "_type": 1,
            "_blend": 0,
            "_customData": 0,
            "_offPos": {
                "x": -0.04043176397681236,
                "y": -0.7448285818099976,
                "z": 0.27852165699005129
            },
            "_motionPos": {
                "x": 0.0,
                "y": 0.0,
                "z": 0.7424392700195313
            },
            "_extraTrajName": [],
            "_extraTrajPos": []
        },
        {
            "_time": 0.8299999833106995,
            "_type": 8,
            "_blend": 0,
            "_customData": 0,
            "_offPos": {
                "x": -0.026937268674373628,
                "y": -0.7916484475135803,
                "z": -0.022829651832580568
            },
            "_motionPos": {
                "x": 0.0,
                "y": 0.0,
                "z": 1.1060439348220826
            },
            "_extraTrajName": [],
            "_extraTrajPos": []
        }
    ],
    "_zoneList": [
        {
            "_timeSpan": {
                "x": -0.011000001803040505,
                "y": 0.27500003576278689
            },
            "_name": "WalkStopRight1",
            "_nameHash": 0,
            "_beginMotionPos": {
                "x": 0.0,
                "y": 0.0,
                "z": 0.0
            },
            "_endMotionPos": {
                "x": 0.0,
                "y": 0.0,
                "z": 0.36646050214767458
            }
        },
        {
            "_timeSpan": {
                "x": 0.0,
                "y": 1.1000001430511475
            },
            "_name": "Walk",
            "_nameHash": 0,
            "_beginMotionPos": {
                "x": 0.0,
                "y": 0.0,
                "z": 0.0
            },
            "_endMotionPos": {
                "x": 0.0,
                "y": 0.0,
                "z": 1.4602890014648438
            }
        },
        {
            "_timeSpan": {
                "x": 0.0,
                "y": 0.11000001430511475
            },
            "_name": "RunbsMirror",
            "_nameHash": 0,
            "_beginMotionPos": {
                "x": 0.0,
                "y": 0.0,
                "z": 0.0
            },
            "_endMotionPos": {
                "x": 0.0,
                "y": 0.0,
                "z": 0.1465841829776764
            }
        },
        {
            "_timeSpan": {
                "x": 0.05500000715255737,
                "y": 0.49500006437301638
            },
            "_name": "RightFootHillIK",
            "_nameHash": 0,
            "_beginMotionPos": {
                "x": 0.0,
                "y": 0.0,
                "z": 0.0732920914888382
            },
            "_endMotionPos": {
                "x": 0.0,
                "y": 0.0,
                "z": 0.6596288681030273
            }
        },
        {
            "_timeSpan": {
                "x": 0.11000001430511475,
                "y": 0.6600000858306885
            },
            "_name": "Runbs",
            "_nameHash": 0,
            "_beginMotionPos": {
                "x": 0.0,
                "y": 0.0,
                "z": 0.1465841829776764
            },
            "_endMotionPos": {
                "x": 0.0,
                "y": 0.0,
                "z": 0.8795050978660584
            }
        },
        {
            "_timeSpan": {
                "x": 0.27500003576278689,
                "y": 0.5500000715255737
            },
            "_name": "WalkStopRight",
            "_nameHash": 0,
            "_beginMotionPos": {
                "x": 0.0,
                "y": 0.0,
                "z": 0.36646050214767458
            },
            "_endMotionPos": {
                "x": 0.0,
                "y": 0.0,
                "z": 0.7329208850860596
            }
        },
        {
            "_timeSpan": {
                "x": 0.5,
                "y": 1.1000001430511475
            },
            "_name": "LeftJump",
            "_nameHash": 0,
            "_beginMotionPos": {
                "x": 0.0,
                "y": 0.0,
                "z": 0.6662917137145996
            },
            "_endMotionPos": {
                "x": 0.0,
                "y": 0.0,
                "z": 1.4602890014648438
            }
        },
        {
            "_timeSpan": {
                "x": 0.5500000715255737,
                "y": 0.8250001072883606
            },
            "_name": "WalkStopLeft1",
            "_nameHash": 0,
            "_beginMotionPos": {
                "x": 0.0,
                "y": 0.0,
                "z": 0.7329208850860596
            },
            "_endMotionPos": {
                "x": 0.0,
                "y": 0.0,
                "z": 1.0993812084197999
            }
        },
        {
            "_timeSpan": {
                "x": 0.6050000786781311,
                "y": 1.0450000762939454
            },
            "_name": "LeftFootHillIK",
            "_nameHash": 0,
            "_beginMotionPos": {
                "x": 0.0,
                "y": 0.0,
                "z": 0.8062130212783814
            },
            "_endMotionPos": {
                "x": 0.0,
                "y": 0.0,
                "z": 1.3925495147705079
            }
        },
        {
            "_timeSpan": {
                "x": 0.6600000858306885,
                "y": 1.1000001430511475
            },
            "_name": "RunbsMirror",
            "_nameHash": 0,
            "_beginMotionPos": {
                "x": 0.0,
                "y": 0.0,
                "z": 0.8795050978660584
            },
            "_endMotionPos": {
                "x": 0.0,
                "y": 0.0,
                "z": 1.4602890014648438
            }
        },
        {
            "_timeSpan": {
                "x": 0.8250001072883606,
                "y": 1.1000001430511475
            },
            "_name": "WalkStopLeft",
            "_nameHash": 0,
            "_beginMotionPos": {
                "x": 0.0,
                "y": 0.0,
                "z": 1.0993812084197999
            },
            "_endMotionPos": {
                "x": 0.0,
                "y": 0.0,
                "z": 1.4602890014648438
            }
        }
    ]
}