{
    "_phaseList": [],
    "_zoneList": [
        {
            "_timeSpan": {
                "x": 0.5625000596046448,
                "y": 1.2625001668930054
            },
            "_name": "StableStandby",
            "_nameHash": 0,
            "_beginMotionPos": {
                "x": 0.0000032574255328654546,
                "y": 0.5602771043777466,
                "z": 0.48861414194107058
            },
            "_endMotionPos": {
                "x": 0.0000032574255328654546,
                "y": 0.5602771043777466,
                "z": 0.48861414194107058
            }
        }
    ]
}