{
    "_phaseList": [
        {
            "_time": 0.6080537438392639,
            "_type": 1,
            "_blend": 1,
            "_customData": 0,
            "_offPos": {
                "x": 0.02312195673584938,
                "y": -0.7162045836448669,
                "z": 0.2742786407470703
            },
            "_motionPos": {
                "x": 0.0,
                "y": 0.0,
                "z": 3.4763691425323488
            },
            "_extraTrajName": [],
            "_extraTrajPos": []
        },
        {
            "_time": 0.7234899401664734,
            "_type": 8,
            "_blend": 1,
            "_customData": 0,
            "_offPos": {
                "x": 0.016604727134108545,
                "y": -0.6339278817176819,
                "z": -0.3127431869506836
            },
            "_motionPos": {
                "x": 0.0,
                "y": 0.0,
                "z": 4.136336326599121
            },
            "_extraTrajName": [],
            "_extraTrajPos": []
        }
    ],
    "_zoneList": [
        {
            "_timeSpan": {
                "x": 0.0,
                "y": 0.7500000596046448
            },
            "_name": "Move",
            "_nameHash": 0,
            "_beginMotionPos": {
                "x": 0.0,
                "y": 0.0,
                "z": 0.0
            },
            "_endMotionPos": {
                "x": 0.0,
                "y": 0.0,
                "z": 4.287899017333984
            }
        },
        {
            "_timeSpan": {
                "x": 0.0,
                "y": 0.7500000596046448
            },
            "_name": "Run",
            "_nameHash": 0,
            "_beginMotionPos": {
                "x": 0.0,
                "y": 0.0,
                "z": 0.0
            },
            "_endMotionPos": {
                "x": 0.0,
                "y": 0.0,
                "z": 4.287899017333984
            }
        }
    ]
}