{
    "_phaseList": [
        {
            "_time": 0.17999999225139619,
            "_type": 2,
            "_blend": 0,
            "_customData": 0,
            "_offPos": {
                "x": -0.023605652153491975,
                "y": -0.7452331185340881,
                "z": 0.2980062961578369
            },
            "_motionPos": {
                "x": -2.8356406112095557e-9,
                "y": -2.8356406112095557e-9,
                "z": 1.0290958881378174
            },
            "_extraTrajName": [],
            "_extraTrajPos": []
        },
        {
            "_time": 1.646938681602478,
            "_type": 1,
            "_blend": 1,
            "_customData": 0,
            "_offPos": {
                "x": 0.016359509900212289,
                "y": -0.7854070067405701,
                "z": 0.2406463623046875
            },
            "_motionPos": {
                "x": -8.918254934542347e-8,
                "y": -8.918254934542347e-8,
                "z": 4.665848731994629
            },
            "_extraTrajName": [],
            "_extraTrajPos": []
        },
        {
            "_time": 2.2288289070129396,
            "_type": 2,
            "_blend": 1,
            "_customData": 0,
            "_offPos": {
                "x": 0.0014446182176470757,
                "y": -0.777325451374054,
                "z": 0.29752492904663088
            },
            "_motionPos": {
                "x": -9.471624196066841e-8,
                "y": -9.471624196066841e-8,
                "z": 5.3901824951171879
            },
            "_extraTrajName": [],
            "_extraTrajPos": []
        }
    ],
    "_zoneList": [
        {
            "_timeSpan": {
                "x": -0.0021739304065704347,
                "y": 0.7865713834762573
            },
            "_name": "Run",
            "_nameHash": 0,
            "_beginMotionPos": {
                "x": 0.0,
                "y": 0.0,
                "z": 0.0
            },
            "_endMotionPos": {
                "x": -4.493029592822495e-8,
                "y": -4.493029592822495e-8,
                "z": 3.58567214012146
            }
        },
        {
            "_timeSpan": {
                "x": -0.0018248429987579585,
                "y": 2.3101816177368166
            },
            "_name": "Move",
            "_nameHash": 0,
            "_beginMotionPos": {
                "x": 0.0,
                "y": 0.0,
                "z": 0.0
            },
            "_endMotionPos": {
                "x": -9.52668770537457e-8,
                "y": -9.52668770537457e-8,
                "z": 5.458034515380859
            }
        },
        {
            "_timeSpan": {
                "x": 0.2160000205039978,
                "y": 0.6779999732971191
            },
            "_name": "LeftJump",
            "_nameHash": 0,
            "_beginMotionPos": {
                "x": -3.845483931286253e-9,
                "y": -3.845483931286253e-9,
                "z": 1.2349152565002442
            },
            "_endMotionPos": {
                "x": -3.7727314605717768e-8,
                "y": -3.7727314605717768e-8,
                "z": 3.44214129447937
            }
        },
        {
            "_timeSpan": {
                "x": 0.7887860536575317,
                "y": 2.3043031692504885
            },
            "_name": "Walk",
            "_nameHash": 0,
            "_beginMotionPos": {
                "x": -4.502667749761713e-8,
                "y": -4.502667749761713e-8,
                "z": 3.588111400604248
            },
            "_endMotionPos": {
                "x": -9.52668770537457e-8,
                "y": -9.52668770537457e-8,
                "z": 5.458034515380859
            }
        },
        {
            "_timeSpan": {
                "x": 1.6474488973617554,
                "y": 2.05808162689209
            },
            "_name": "LeftJump",
            "_nameHash": 0,
            "_beginMotionPos": {
                "x": -8.919067795432056e-8,
                "y": -8.919067795432056e-8,
                "z": 4.6664814949035648
            },
            "_endMotionPos": {
                "x": -9.299125025563626e-8,
                "y": -9.299125025563626e-8,
                "z": 5.1776227951049809
            }
        }
    ]
}