{
    "_phaseList": [
        {
            "_time": 0.7930000424385071,
            "_type": 2,
            "_blend": 2,
            "_customData": 0,
            "_offPos": {
                "x": 0.16495417058467866,
                "y": -0.597716212272644,
                "z": 0.20719194412231446
            },
            "_motionPos": {
                "x": -2.0019477631194605e-7,
                "y": -2.0019477631194605e-7,
                "z": 4.449981212615967
            },
            "_extraTrajName": [],
            "_extraTrajPos": []
        }
    ],
    "_zoneList": [
        {
            "_timeSpan": {
                "x": 0.0,
                "y": 1.0833334922790528
            },
            "_name": "Move",
            "_nameHash": 0,
            "_beginMotionPos": {
                "x": 0.0,
                "y": 0.0,
                "z": 0.0
            },
            "_endMotionPos": {
                "x": -2.8224212655914018e-7,
                "y": -2.8224209813743075e-7,
                "z": 6.377847671508789
            }
        },
        {
            "_timeSpan": {
                "x": 0.0,
                "y": 1.0833334922790528
            },
            "_name": "Run",
            "_nameHash": 0,
            "_beginMotionPos": {
                "x": 0.0,
                "y": 0.0,
                "z": 0.0
            },
            "_endMotionPos": {
                "x": -2.8224212655914018e-7,
                "y": -2.8224209813743075e-7,
                "z": 6.377847671508789
            }
        }
    ]
}