{
    "_phaseList": [
        {
            "_time": 0.39330002665519717,
            "_type": 1,
            "_blend": 1,
            "_customData": 0,
            "_offPos": {
                "x": -0.023255227133631707,
                "y": -0.7344759702682495,
                "z": 0.2784690856933594
            },
            "_motionPos": {
                "x": 0.0,
                "y": 0.0,
                "z": 2.799635410308838
            },
            "_extraTrajName": [],
            "_extraTrajPos": []
        },
        {
            "_time": 0.5877333879470825,
            "_type": 2,
            "_blend": 1,
            "_customData": 0,
            "_offPos": {
                "x": 0.050792593508958819,
                "y": -0.7000221014022827,
                "z": 0.3272571563720703
            },
            "_motionPos": {
                "x": 0.0,
                "y": 0.0,
                "z": 4.1904616355896
            },
            "_extraTrajName": [],
            "_extraTrajPos": []
        }
    ],
    "_zoneList": [
        {
            "_timeSpan": {
                "x": 0.0,
                "y": 0.6333333849906921
            },
            "_name": "Sprint",
            "_nameHash": 0,
            "_beginMotionPos": {
                "x": 0.0,
                "y": 0.0,
                "z": 0.0
            },
            "_endMotionPos": {
                "x": 0.0,
                "y": 0.0,
                "z": 4.473329067230225
            }
        },
        {
            "_timeSpan": {
                "x": 0.0,
                "y": 0.6333333849906921
            },
            "_name": "Move",
            "_nameHash": 0,
            "_beginMotionPos": {
                "x": 0.0,
                "y": 0.0,
                "z": 0.0
            },
            "_endMotionPos": {
                "x": 0.0,
                "y": 0.0,
                "z": 4.473329067230225
            }
        }
    ]
}