{
    "navMeshDatas": [
        {
            "_center": {
                "x": -1.2613039016723633,
                "y": 0.6517105102539063,
                "z": -0.04052925109863281
            },
            "_size": {
                "x": 11.648550033569336,
                "y": 20.0,
                "z": 17.107017517089845
            },
            "_prefabPath": "Assets/MoleRes/Rel/SRes/Build/MapEditor/NavMesh/scene_1009/block_1009/navmesh000_agent0"
        }
    ]
}