{
    "_phaseList": [
        {
            "_time": 0.5200001001358032,
            "_type": 1,
            "_blend": 2,
            "_customData": 0,
            "_offPos": {
                "x": 0.024855095893144609,
                "y": -0.766581654548645,
                "z": 0.3133528232574463
            },
            "_motionPos": {
                "x": 0.0,
                "y": 0.0,
                "z": 2.724321126937866
            },
            "_extraTrajName": [],
            "_extraTrajPos": []
        },
        {
            "_time": 0.7836065292358398,
            "_type": 2,
            "_blend": 2,
            "_customData": 0,
            "_offPos": {
                "x": 0.20604278147220612,
                "y": -0.6078235507011414,
                "z": 0.2141563892364502
            },
            "_motionPos": {
                "x": 0.0,
                "y": 0.0,
                "z": 4.167688369750977
            },
            "_extraTrajName": [],
            "_extraTrajPos": []
        }
    ],
    "_zoneList": [
        {
            "_timeSpan": {
                "x": 0.0,
                "y": 1.0833334922790528
            },
            "_name": "Run",
            "_nameHash": 0,
            "_beginMotionPos": {
                "x": 0.0,
                "y": 0.0,
                "z": 0.0
            },
            "_endMotionPos": {
                "x": 0.0,
                "y": 0.0,
                "z": 6.032308578491211
            }
        },
        {
            "_timeSpan": {
                "x": 0.0,
                "y": 1.0833334922790528
            },
            "_name": "Move",
            "_nameHash": 0,
            "_beginMotionPos": {
                "x": 0.0,
                "y": 0.0,
                "z": 0.0
            },
            "_endMotionPos": {
                "x": 0.0,
                "y": 0.0,
                "z": 6.032308578491211
            }
        }
    ]
}