{
    "_phaseList": [
        {
            "_time": 0.597000002861023,
            "_type": 1,
            "_blend": 1,
            "_customData": 0,
            "_offPos": {
                "x": 0.019443638622760774,
                "y": -0.762955367565155,
                "z": 0.3289809226989746
            },
            "_motionPos": {
                "x": 0.0,
                "y": 0.0,
                "z": 3.1975269317626955
            },
            "_extraTrajName": [],
            "_extraTrajPos": []
        }
    ],
    "_zoneList": [
        {
            "_timeSpan": {
                "x": 0.0,
                "y": 0.6666666865348816
            },
            "_name": "Run",
            "_nameHash": 0,
            "_beginMotionPos": {
                "x": 0.0,
                "y": 0.0,
                "z": 0.0
            },
            "_endMotionPos": {
                "x": 0.0,
                "y": 0.0,
                "z": 3.570657730102539
            }
        },
        {
            "_timeSpan": {
                "x": 0.0,
                "y": 0.6666666865348816
            },
            "_name": "Move",
            "_nameHash": 0,
            "_beginMotionPos": {
                "x": 0.0,
                "y": 0.0,
                "z": 0.0
            },
            "_endMotionPos": {
                "x": 0.0,
                "y": 0.0,
                "z": 3.570657730102539
            }
        }
    ]
}