{
    "_phaseList": [
        {
            "_time": 0.1133333370089531,
            "_type": 2,
            "_blend": 2,
            "_customData": 0,
            "_offPos": {
                "x": 0.3143167495727539,
                "y": -0.5242020487785339,
                "z": 0.13294190168380738
            },
            "_motionPos": {
                "x": 8.134560580685957e-9,
                "y": -1.0527257288117653e-8,
                "z": 0.6448565721511841
            },
            "_extraTrajName": [],
            "_extraTrajPos": []
        },
        {
            "_time": 0.4050000011920929,
            "_type": 1,
            "_blend": 2,
            "_customData": 0,
            "_offPos": {
                "x": -0.15000087022781373,
                "y": -0.6785546541213989,
                "z": 0.27866244316101076
            },
            "_motionPos": {
                "x": 2.989171932199497e-8,
                "y": -3.815762639192144e-8,
                "z": 2.3117237091064455
            },
            "_extraTrajName": [],
            "_extraTrajPos": []
        },
        {
            "_time": 0.8352459073066711,
            "_type": 9,
            "_blend": 1,
            "_customData": 0,
            "_offPos": {
                "x": -0.02102443389594555,
                "y": -0.6944644451141357,
                "z": -0.11776447296142578
            },
            "_motionPos": {
                "x": 5.46096003972707e-8,
                "y": -7.232607401874702e-8,
                "z": 4.65081262588501
            },
            "_extraTrajName": [],
            "_extraTrajPos": []
        }
    ],
    "_zoneList": [
        {
            "_timeSpan": {
                "x": 0.0,
                "y": 1.033333420753479
            },
            "_name": "Move",
            "_nameHash": 0,
            "_beginMotionPos": {
                "x": 0.0,
                "y": 0.0,
                "z": 0.0
            },
            "_endMotionPos": {
                "x": 5.887728349307508e-8,
                "y": -7.772137422534797e-8,
                "z": 5.684090614318848
            }
        },
        {
            "_timeSpan": {
                "x": 0.06199997663497925,
                "y": 1.033333420753479
            },
            "_name": "Run",
            "_nameHash": 0,
            "_beginMotionPos": {
                "x": 4.3877590449881158e-9,
                "y": -5.723012730385335e-9,
                "z": 0.35466906428337099
            },
            "_endMotionPos": {
                "x": 5.887728349307508e-8,
                "y": -7.772137422534797e-8,
                "z": 5.684090614318848
            }
        },
        {
            "_timeSpan": {
                "x": 0.27900001406669619,
                "y": 0.7956667542457581
            },
            "_name": "LeftJump",
            "_nameHash": 0,
            "_beginMotionPos": {
                "x": 2.056150094631448e-8,
                "y": -2.6240984496439525e-8,
                "z": 1.5700037479400635
            },
            "_endMotionPos": {
                "x": 5.308794825964469e-8,
                "y": -7.040009109005041e-8,
                "z": 4.441174507141113
            }
        }
    ]
}