{
    "_phaseList": [
        {
            "_time": 0.5130000114440918,
            "_type": 8,
            "_blend": 0,
            "_customData": 0,
            "_offPos": {
                "x": -0.16618113219738007,
                "y": -0.6910685300827026,
                "z": -0.006972789764404297
            },
            "_motionPos": {
                "x": 0.0,
                "y": 0.0,
                "z": 2.948579788208008
            },
            "_extraTrajName": [],
            "_extraTrajPos": []
        },
        {
            "_time": 0.796000063419342,
            "_type": 2,
            "_blend": 0,
            "_customData": 0,
            "_offPos": {
                "x": -0.021629562601447107,
                "y": -0.7680791020393372,
                "z": 0.35380077362060549
            },
            "_motionPos": {
                "x": 0.0,
                "y": 0.0,
                "z": 4.509636878967285
            },
            "_extraTrajName": [],
            "_extraTrajPos": []
        },
        {
            "_time": 0.8870000243186951,
            "_type": 9,
            "_blend": 0,
            "_customData": 0,
            "_offPos": {
                "x": -0.020606795325875284,
                "y": -0.6948012113571167,
                "z": -0.1267075538635254
            },
            "_motionPos": {
                "x": 0.0,
                "y": 0.0,
                "z": 4.994372844696045
            },
            "_extraTrajName": [],
            "_extraTrajPos": []
        }
    ],
    "_zoneList": [
        {
            "_timeSpan": {
                "x": -0.01699998416006565,
                "y": 1.1000001430511475
            },
            "_name": "Move",
            "_nameHash": 0,
            "_beginMotionPos": {
                "x": 0.0,
                "y": 0.0,
                "z": 0.0
            },
            "_endMotionPos": {
                "x": 0.0,
                "y": 0.0,
                "z": 6.1182942390441898
            }
        },
        {
            "_timeSpan": {
                "x": 0.4819999933242798,
                "y": 0.6779999732971191
            },
            "_name": "LeftJump",
            "_nameHash": 0,
            "_beginMotionPos": {
                "x": 0.0,
                "y": 0.0,
                "z": 2.7704007625579836
            },
            "_endMotionPos": {
                "x": 0.0,
                "y": 0.0,
                "z": 3.8738203048706056
            }
        },
        {
            "_timeSpan": {
                "x": 0.48499995470046999,
                "y": 1.1000001430511475
            },
            "_name": "Run",
            "_nameHash": 0,
            "_beginMotionPos": {
                "x": 0.0,
                "y": 0.0,
                "z": 2.7876436710357668
            },
            "_endMotionPos": {
                "x": 0.0,
                "y": 0.0,
                "z": 6.1182942390441898
            }
        },
        {
            "_timeSpan": {
                "x": 0.9860000014305115,
                "y": 1.1000001430511475
            },
            "_name": "LeftJump",
            "_nameHash": 0,
            "_beginMotionPos": {
                "x": 0.0,
                "y": 0.0,
                "z": 5.523811340332031
            },
            "_endMotionPos": {
                "x": 0.0,
                "y": 0.0,
                "z": 6.1182942390441898
            }
        }
    ]
}