{
    "_phaseList": [
        {
            "_time": 0.3806333541870117,
            "_type": 1,
            "_blend": 1,
            "_customData": 0,
            "_offPos": {
                "x": -0.04576873034238815,
                "y": -0.6698870062828064,
                "z": 0.43072080612182619
            },
            "_motionPos": {
                "x": 0.0,
                "y": 0.0,
                "z": 2.4394421577453615
            },
            "_extraTrajName": [],
            "_extraTrajPos": []
        },
        {
            "_time": 0.6092666983604431,
            "_type": 2,
            "_blend": 1,
            "_customData": 0,
            "_offPos": {
                "x": 0.051214173436164859,
                "y": -0.6618276834487915,
                "z": 0.4181842803955078
            },
            "_motionPos": {
                "x": 0.0,
                "y": 0.0,
                "z": 4.0325703620910648
            },
            "_extraTrajName": [],
            "_extraTrajPos": []
        }
    ],
    "_zoneList": [
        {
            "_timeSpan": {
                "x": 0.0,
                "y": 0.6333333849906921
            },
            "_name": "Move",
            "_nameHash": 0,
            "_beginMotionPos": {
                "x": 0.0,
                "y": 0.0,
                "z": 0.0
            },
            "_endMotionPos": {
                "x": 0.0,
                "y": 0.0,
                "z": 4.20005464553833
            }
        },
        {
            "_timeSpan": {
                "x": 0.0,
                "y": 0.6333333849906921
            },
            "_name": "Sprint",
            "_nameHash": 0,
            "_beginMotionPos": {
                "x": 0.0,
                "y": 0.0,
                "z": 0.0
            },
            "_endMotionPos": {
                "x": 0.0,
                "y": 0.0,
                "z": 4.20005464553833
            }
        }
    ]
}