{
    "_phaseList": [
        {
            "_time": 0.026000000536441804,
            "_type": 2,
            "_blend": 0,
            "_customData": 0,
            "_offPos": {
                "x": -0.015436430461704731,
                "y": -0.8039087653160095,
                "z": 0.27740758657455447
            },
            "_motionPos": {
                "x": 0.0,
                "y": 0.0,
                "z": 0.030321717262268068
            },
            "_extraTrajName": [],
            "_extraTrajPos": []
        },
        {
            "_time": 0.3073446452617645,
            "_type": 9,
            "_blend": 0,
            "_customData": 0,
            "_offPos": {
                "x": -0.012838131748139859,
                "y": -0.857769787311554,
                "z": -0.08448702096939087
            },
            "_motionPos": {
                "x": 0.0,
                "y": 0.0,
                "z": 0.3584320545196533
            },
            "_extraTrajName": [],
            "_extraTrajPos": []
        },
        {
            "_time": 0.6861972212791443,
            "_type": 1,
            "_blend": 0,
            "_customData": 0,
            "_offPos": {
                "x": 0.015384706668555737,
                "y": -0.8101107478141785,
                "z": 0.2612089514732361
            },
            "_motionPos": {
                "x": 0.0,
                "y": 0.0,
                "z": 0.800257682800293
            },
            "_extraTrajName": [],
            "_extraTrajPos": []
        },
        {
            "_time": 0.9649717807769775,
            "_type": 8,
            "_blend": 0,
            "_customData": 0,
            "_offPos": {
                "x": 0.007033372297883034,
                "y": -0.8574601411819458,
                "z": -0.09200894832611084
            },
            "_motionPos": {
                "x": 0.0,
                "y": 0.0,
                "z": 1.125368356704712
            },
            "_extraTrajName": [],
            "_extraTrajPos": []
        }
    ],
    "_zoneList": [
        {
            "_timeSpan": {
                "x": -0.0133333345875144,
                "y": 0.3333333730697632
            },
            "_name": "WalkStopRightWeapon1",
            "_nameHash": 0,
            "_beginMotionPos": {
                "x": 0.0,
                "y": 0.0,
                "z": 0.0
            },
            "_endMotionPos": {
                "x": 0.0,
                "y": 0.0,
                "z": 0.3887407183647156
            }
        },
        {
            "_timeSpan": {
                "x": 0.0,
                "y": 0.12299990653991699
            },
            "_name": "RunbsMirror",
            "_nameHash": 0,
            "_beginMotionPos": {
                "x": 0.0,
                "y": 0.0,
                "z": 0.0
            },
            "_endMotionPos": {
                "x": 0.0,
                "y": 0.0,
                "z": 0.14344502985477448
            }
        },
        {
            "_timeSpan": {
                "x": 0.0,
                "y": 1.3333334922790528
            },
            "_name": "Walk",
            "_nameHash": 0,
            "_beginMotionPos": {
                "x": 0.0,
                "y": 0.0,
                "z": 0.0
            },
            "_endMotionPos": {
                "x": 0.0,
                "y": 0.0,
                "z": 1.5549598932266236
            }
        },
        {
            "_timeSpan": {
                "x": 0.025000015273690225,
                "y": 0.5737646222114563
            },
            "_name": "RightFootHillIK",
            "_nameHash": 0,
            "_beginMotionPos": {
                "x": 0.0,
                "y": 0.0,
                "z": 0.029155507683753969
            },
            "_endMotionPos": {
                "x": 0.0,
                "y": 0.0,
                "z": 0.6691367626190186
            }
        },
        {
            "_timeSpan": {
                "x": 0.12299995869398117,
                "y": 0.7860000729560852
            },
            "_name": "Runbs",
            "_nameHash": 0,
            "_beginMotionPos": {
                "x": 0.0,
                "y": 0.0,
                "z": 0.14344508945941926
            },
            "_endMotionPos": {
                "x": 0.0,
                "y": 0.0,
                "z": 0.9166492223739624
            }
        },
        {
            "_timeSpan": {
                "x": 0.3333333730697632,
                "y": 0.6666667461395264
            },
            "_name": "WalkStopRightWeapon",
            "_nameHash": 0,
            "_beginMotionPos": {
                "x": 0.0,
                "y": 0.0,
                "z": 0.3887407183647156
            },
            "_endMotionPos": {
                "x": 0.0,
                "y": 0.0,
                "z": 0.777480959892273
            }
        },
        {
            "_timeSpan": {
                "x": 0.6666667461395264,
                "y": 1.0000001192092896
            },
            "_name": "WalkStopLeftWeapon1",
            "_nameHash": 0,
            "_beginMotionPos": {
                "x": 0.0,
                "y": 0.0,
                "z": 0.777480959892273
            },
            "_endMotionPos": {
                "x": 0.0,
                "y": 0.0,
                "z": 1.1662191152572632
            }
        },
        {
            "_timeSpan": {
                "x": 0.6750000715255737,
                "y": 1.3333334922790528
            },
            "_name": "LeftJump",
            "_nameHash": 0,
            "_beginMotionPos": {
                "x": 0.0,
                "y": 0.0,
                "z": 0.7871993780136108
            },
            "_endMotionPos": {
                "x": 0.0,
                "y": 0.0,
                "z": 1.5549598932266236
            }
        },
        {
            "_timeSpan": {
                "x": 0.6860001087188721,
                "y": 1.2401177883148194
            },
            "_name": "LeftFootHillIK",
            "_nameHash": 0,
            "_beginMotionPos": {
                "x": 0.0,
                "y": 0.0,
                "z": 0.8000278472900391
            },
            "_endMotionPos": {
                "x": 0.0,
                "y": 0.0,
                "z": 1.4462496042251588
            }
        },
        {
            "_timeSpan": {
                "x": 0.7870001196861267,
                "y": 1.3333334922790528
            },
            "_name": "RunbsMirror",
            "_nameHash": 0,
            "_beginMotionPos": {
                "x": 0.0,
                "y": 0.0,
                "z": 0.9178154468536377
            },
            "_endMotionPos": {
                "x": 0.0,
                "y": 0.0,
                "z": 1.5549598932266236
            }
        },
        {
            "_timeSpan": {
                "x": 1.0000001192092896,
                "y": 1.3466668128967286
            },
            "_name": "WalkStopLeftWeapon",
            "_nameHash": 0,
            "_beginMotionPos": {
                "x": 0.0,
                "y": 0.0,
                "z": 1.1662191152572632
            },
            "_endMotionPos": {
                "x": 0.0,
                "y": 0.0,
                "z": 1.5549598932266236
            }
        }
    ]
}