{
    "_phaseList": [
        {
            "_time": 0.10947367548942566,
            "_type": 2,
            "_blend": 0,
            "_customData": 0,
            "_offPos": {
                "x": 0.28773197531700137,
                "y": -0.502312421798706,
                "z": 0.21482205390930177
            },
            "_motionPos": {
                "x": 0.0,
                "y": 0.0,
                "z": 0.6679961681365967
            },
            "_extraTrajName": [],
            "_extraTrajPos": []
        },
        {
            "_time": 0.4168420732021332,
            "_type": 1,
            "_blend": 0,
            "_customData": 0,
            "_offPos": {
                "x": -0.11923225969076157,
                "y": -0.6631196737289429,
                "z": 0.24531149864196778
            },
            "_motionPos": {
                "x": 0.0,
                "y": 0.0,
                "z": 2.5227768421173097
            },
            "_extraTrajName": [],
            "_extraTrajPos": []
        },
        {
            "_time": 0.7463414669036865,
            "_type": 2,
            "_blend": 0,
            "_customData": 0,
            "_offPos": {
                "x": -0.012576863169670105,
                "y": -0.7286590337753296,
                "z": 0.17464208602905274
            },
            "_motionPos": {
                "x": 0.0,
                "y": 0.0,
                "z": 4.372569561004639
            },
            "_extraTrajName": [],
            "_extraTrajPos": []
        }
    ],
    "_zoneList": [
        {
            "_timeSpan": {
                "x": 0.0,
                "y": 1.033333420753479
            },
            "_name": "Move",
            "_nameHash": 0,
            "_beginMotionPos": {
                "x": 0.0,
                "y": 0.0,
                "z": 0.0
            },
            "_endMotionPos": {
                "x": 0.0,
                "y": 0.0,
                "z": 6.006644248962402
            }
        },
        {
            "_timeSpan": {
                "x": 0.06199997663497925,
                "y": 1.033333420753479
            },
            "_name": "Run",
            "_nameHash": 0,
            "_beginMotionPos": {
                "x": 0.0,
                "y": 0.0,
                "z": 0.3849349617958069
            },
            "_endMotionPos": {
                "x": 0.0,
                "y": 0.0,
                "z": 6.006644248962402
            }
        },
        {
            "_timeSpan": {
                "x": 0.27900001406669619,
                "y": 0.7956667542457581
            },
            "_name": "LeftJump",
            "_nameHash": 0,
            "_beginMotionPos": {
                "x": 0.0,
                "y": 0.0,
                "z": 1.6739845275878907
            },
            "_endMotionPos": {
                "x": 0.0,
                "y": 0.0,
                "z": 4.652925491333008
            }
        }
    ]
}