{
    "_phaseList": [
        {
            "_time": 0.026000000536441804,
            "_type": 2,
            "_blend": 0,
            "_customData": 0,
            "_offPos": {
                "x": -0.01739788055419922,
                "y": -0.7566160559654236,
                "z": 0.24901941418647767
            },
            "_motionPos": {
                "x": -1.4721708296860925e-9,
                "y": -1.4721708296860925e-9,
                "z": 0.03236671909689903
            },
            "_extraTrajName": [],
            "_extraTrajPos": []
        },
        {
            "_time": 0.36000001430511477,
            "_type": 9,
            "_blend": 0,
            "_customData": 0,
            "_offPos": {
                "x": -0.010228997096419335,
                "y": -0.7996228933334351,
                "z": -0.09973850846290589
            },
            "_motionPos": {
                "x": -2.038390967129544e-8,
                "y": -2.038390967129544e-8,
                "z": 0.4481545686721802
            },
            "_extraTrajName": [],
            "_extraTrajPos": []
        },
        {
            "_time": 0.6861972212791443,
            "_type": 1,
            "_blend": 0,
            "_customData": 0,
            "_offPos": {
                "x": 0.02079097367823124,
                "y": -0.7547897100448608,
                "z": 0.24969112873077393
            },
            "_motionPos": {
                "x": -3.88538303752739e-8,
                "y": -3.88538303752739e-8,
                "z": 0.8542289137840271
            },
            "_extraTrajName": [],
            "_extraTrajPos": []
        },
        {
            "_time": 1.004507064819336,
            "_type": 8,
            "_blend": 0,
            "_customData": 0,
            "_offPos": {
                "x": 0.007787967100739479,
                "y": -0.7972413301467896,
                "z": -0.11716926097869873
            },
            "_motionPos": {
                "x": -5.687713766633351e-8,
                "y": -5.687713766633351e-8,
                "z": 1.2504842281341553
            },
            "_extraTrajName": [],
            "_extraTrajPos": []
        }
    ],
    "_zoneList": [
        {
            "_timeSpan": {
                "x": -0.0133333345875144,
                "y": 0.3333333730697632
            },
            "_name": "WalkStopRightWeapon1",
            "_nameHash": 0,
            "_beginMotionPos": {
                "x": 0.0,
                "y": 0.0,
                "z": 0.0
            },
            "_endMotionPos": {
                "x": -1.8873992146950515e-8,
                "y": -1.8873992146950515e-8,
                "z": 0.4149579703807831
            }
        },
        {
            "_timeSpan": {
                "x": -0.0019999910145998,
                "y": 0.12299990653991699
            },
            "_name": "RunbsMirror",
            "_nameHash": 0,
            "_beginMotionPos": {
                "x": 0.0,
                "y": 0.0,
                "z": 0.0
            },
            "_endMotionPos": {
                "x": -6.9644956468550849e-9,
                "y": -6.9644956468550849e-9,
                "z": 0.15311935544013978
            }
        },
        {
            "_timeSpan": {
                "x": 0.0,
                "y": 1.3333334922790528
            },
            "_name": "Walk",
            "_nameHash": 0,
            "_beginMotionPos": {
                "x": 0.0,
                "y": 0.0,
                "z": 0.0
            },
            "_endMotionPos": {
                "x": -7.529783374593535e-8,
                "y": -7.529783374593535e-8,
                "z": 1.6598305702209473
            }
        },
        {
            "_timeSpan": {
                "x": 0.025000015273690225,
                "y": 0.5737646222114563
            },
            "_name": "RightFootHillIK",
            "_nameHash": 0,
            "_beginMotionPos": {
                "x": -1.4155496774748145e-9,
                "y": -1.4155496774748145e-9,
                "z": 0.031121863052248956
            },
            "_endMotionPos": {
                "x": -3.248767654895346e-8,
                "y": -3.248767654895346e-8,
                "z": 0.7142645120620728
            }
        },
        {
            "_timeSpan": {
                "x": 0.12299995869398117,
                "y": 0.7860000729560852
            },
            "_name": "Runbs",
            "_nameHash": 0,
            "_beginMotionPos": {
                "x": -6.9644987554795538e-9,
                "y": -6.9644987554795538e-9,
                "z": 0.15311941504478455
            },
            "_endMotionPos": {
                "x": -4.450485491247491e-8,
                "y": -4.450485491247491e-8,
                "z": 0.9784708619117737
            }
        },
        {
            "_timeSpan": {
                "x": 0.3333333730697632,
                "y": 0.6666667461395264
            },
            "_name": "WalkStopRightWeapon",
            "_nameHash": 0,
            "_beginMotionPos": {
                "x": -1.8873992146950515e-8,
                "y": -1.8873992146950515e-8,
                "z": 0.4149579703807831
            },
            "_endMotionPos": {
                "x": -3.774797718847367e-8,
                "y": -3.774797718847367e-8,
                "z": 0.8299159407615662
            }
        },
        {
            "_timeSpan": {
                "x": 0.6666667461395264,
                "y": 1.0000001192092896
            },
            "_name": "WalkStopLeftWeapon1",
            "_nameHash": 0,
            "_beginMotionPos": {
                "x": -3.774797718847367e-8,
                "y": -3.774797718847367e-8,
                "z": 0.8299159407615662
            },
            "_endMotionPos": {
                "x": -5.662194624278527e-8,
                "y": -5.662194624278527e-8,
                "z": 1.2448736429214478
            }
        },
        {
            "_timeSpan": {
                "x": 0.6750000715255737,
                "y": 1.3333334922790528
            },
            "_name": "LeftJump",
            "_nameHash": 0,
            "_beginMotionPos": {
                "x": -3.82198237502962e-8,
                "y": -3.82198237502962e-8,
                "z": 0.8402898907661438
            },
            "_endMotionPos": {
                "x": -7.529783374593535e-8,
                "y": -7.529783374593535e-8,
                "z": 1.6598305702209473
            }
        },
        {
            "_timeSpan": {
                "x": 0.6860001087188721,
                "y": 1.2401177883148194
            },
            "_name": "LeftFootHillIK",
            "_nameHash": 0,
            "_beginMotionPos": {
                "x": -3.884266774889511e-8,
                "y": -3.884266774889511e-8,
                "z": 0.8539835214614868
            },
            "_endMotionPos": {
                "x": -7.021787951089209e-8,
                "y": -7.021787951089209e-8,
                "z": 1.5437891483306885
            }
        },
        {
            "_timeSpan": {
                "x": 0.7870001196861267,
                "y": 1.3333334922790528
            },
            "_name": "RunbsMirror",
            "_nameHash": 0,
            "_beginMotionPos": {
                "x": -4.4561478063087637e-8,
                "y": -4.4561478063087637e-8,
                "z": 0.9797158241271973
            },
            "_endMotionPos": {
                "x": -7.529783374593535e-8,
                "y": -7.529783374593535e-8,
                "z": 1.6598305702209473
            }
        },
        {
            "_timeSpan": {
                "x": 1.0000001192092896,
                "y": 1.3466668128967286
            },
            "_name": "WalkStopLeftWeapon",
            "_nameHash": 0,
            "_beginMotionPos": {
                "x": -5.662194624278527e-8,
                "y": -5.662194624278527e-8,