{
    "navMeshDatas": [
        {
            "_center": {
                "x": -0.01660442352294922,
                "y": -0.0011959075927734376,
                "z": 9.362972259521485
            },
            "_size": {
                "x": 29.531919479370118,
                "y": 33.777801513671878,
                "z": 73.58419799804688
            },
            "_prefabPath": "Assets/MoleRes/Rel/SRes/Build/MapEditor/NavMesh/scene_1008/block_1008/navmesh000_agent0"
        }
    ]
}