{
    "_phaseList": [
        {
            "_time": 0.0590163916349411,
            "_type": 2,
            "_blend": 2,
            "_customData": 0,
            "_offPos": {
                "x": -0.028398383408784868,
                "y": -0.7938177585601807,
                "z": 0.2146637737751007
            },
            "_motionPos": {
                "x": 0.0,
                "y": 0.0,
                "z": 0.07724163681268692
            },
            "_extraTrajName": [],
            "_extraTrajPos": []
        }
    ],
    "_zoneList": [
        {
            "_timeSpan": {
                "x": 0.0,
                "y": 1.0833334922790528
            },
            "_name": "Move",
            "_nameHash": 0,
            "_beginMotionPos": {
                "x": 0.0,
                "y": 0.0,
                "z": 0.0
            },
            "_endMotionPos": {
                "x": 0.0,
                "y": 0.0,
                "z": 1.3486136198043824
            }
        },
        {
            "_timeSpan": {
                "x": 0.0,
                "y": 1.0833334922790528
            },
            "_name": "Walk",
            "_nameHash": 0,
            "_beginMotionPos": {
                "x": 0.0,
                "y": 0.0,
                "z": 0.0
            },
            "_endMotionPos": {
                "x": 0.0,
                "y": 0.0,
                "z": 1.3486136198043824
            }
        }
    ]
}