{
    "navMeshDatas": [
        {
            "_center": {
                "x": -117.64044189453125,
                "y": -15.022428512573243,
                "z": 128.42140197753907
            },
            "_size": {
                "x": 105.4835205078125,
                "y": 20.0,
                "z": 67.793212890625
            },
            "_prefabPath": "Assets/MoleRes/Rel/SRes/Build/MapEditor/NavMesh/scene_20009/block_20009/navmesh000_agent0"
        }
    ]
}