{"navMeshDatas":[{"_center":{"x":158.36105346679688,"y":2.625732421875,"z":54.17515182495117},"_size":{"x":148.99159240722657,"y":85.25146484375,"z":141.10679626464845},"_prefabPath":"Assets/MoleRes/Rel/SRes/Build/MapEditor/NavMesh/scene 20002/block -1/navmesh000_agent0"}]}