{
    "_phaseList": [
        {
            "_time": 0.2070000171661377,
            "_type": 2,
            "_blend": 0,
            "_customData": 0,
            "_offPos": {
                "x": 0.04539940133690834,
                "y": -0.8255655765533447,
                "z": 0.29949522018432619
            },
            "_motionPos": {
                "x": 0.0,
                "y": 0.0,
                "z": 1.0601414442062379
            },
            "_extraTrajName": [],
            "_extraTrajPos": []
        },
        {
            "_time": 0.3450000286102295,
            "_type": 9,
            "_blend": 2,
            "_customData": 0,
            "_offPos": {
                "x": 0.043590348213911059,
                "y": -0.8032289743423462,
                "z": -0.42237389087677
            },
            "_motionPos": {
                "x": 0.0,
                "y": 0.0,
                "z": 1.766902208328247
            },
            "_extraTrajName": [],
            "_extraTrajPos": []
        },
        {
            "_time": 0.5903333425521851,
            "_type": 1,
            "_blend": 0,
            "_customData": 0,
            "_offPos": {
                "x": -0.03938991576433182,
                "y": -0.825349748134613,
                "z": 0.29872846603393557
            },
            "_motionPos": {
                "x": 0.0,
                "y": 0.0,
                "z": 3.0233654975891115
            },
            "_extraTrajName": [],
            "_extraTrajPos": []
        },
        {
            "_time": 0.7283333539962769,
            "_type": 8,
            "_blend": 2,
            "_customData": 0,
            "_offPos": {
                "x": -0.04674505069851875,
                "y": -0.8120567798614502,
                "z": -0.40811705589294436
            },
            "_motionPos": {
                "x": 0.0,
                "y": 0.0,
                "z": 3.7301266193389894
            },
            "_extraTrajName": [],
            "_extraTrajPos": []
        }
    ],
    "_zoneList": [
        {
            "_timeSpan": {
                "x": -0.007666666992008686,
                "y": 0.23000001907348634
            },
            "_name": "ToIdleNotMirror",
            "_nameHash": 0,
            "_beginMotionPos": {
                "x": 0.0,
                "y": 0.0,
                "z": 0.0
            },
            "_endMotionPos": {
                "x": 0.0,
                "y": 0.0,
                "z": 1.1779347658157349
            }
        },
        {
            "_timeSpan": {
                "x": 0.0,
                "y": 0.7666667103767395
            },
            "_name": "Run",
            "_nameHash": 0,
            "_beginMotionPos": {
                "x": 0.0,
                "y": 0.0,
                "z": 0.0
            },
            "_endMotionPos": {
                "x": 0.0,
                "y": 0.0,
                "z": 3.9264488220214845
            }
        },
        {
            "_timeSpan": {
                "x": 0.0,
                "y": 0.7666667103767395
            },
            "_name": "Steerable",
            "_nameHash": 0,
            "_beginMotionPos": {
                "x": 0.0,
                "y": 0.0,
                "z": 0.0
            },
            "_endMotionPos": {
                "x": 0.0,
                "y": 0.0,
                "z": 3.9264488220214845
            }
        },
        {
            "_timeSpan": {
                "x": 0.0,
                "y": 0.06133333593606949
            },
            "_name": "LeftJump",
            "_nameHash": 0,
            "_beginMotionPos": {
                "x": 0.0,
                "y": 0.0,
                "z": 0.0
            },
            "_endMotionPos": {
                "x": 0.0,
                "y": 0.0,
                "z": 0.3141160011291504
            }
        },
        {
            "_timeSpan": {
                "x": 0.2070000171661377,
                "y": 0.3450000286102295
            },
            "_name": "RightFootHillIK",
            "_nameHash": 0,
            "_beginMotionPos": {
                "x": 0.0,
                "y": 0.0,
                "z": 1.0601414442062379
            },
            "_endMotionPos": {
                "x": 0.0,
                "y": 0.0,
                "z": 1.766902208328247
            }
        },
        {
            "_timeSpan": {
                "x": 0.23000001907348634,
                "y": 0.6133333444595337
            },
            "_name": "ToIdleMirror",
            "_nameHash": 0,
            "_beginMotionPos": {
                "x": 0.0,
                "y": 0.0,
                "z": 1.1779347658157349
            },
            "_endMotionPos": {
                "x": 0.0,
                "y": 0.0,
                "z": 3.1411590576171877
            }
        },
        {
            "_timeSpan": {
                "x": 0.44466668367385867,
                "y": 0.7666667103767395
            },
            "_name": "LeftJump",
            "_nameHash": 0,
            "_beginMotionPos": {
                "x": 0.0,
                "y": 0.0,
                "z": 2.2773401737213136
            },
            "_endMotionPos": {
                "x": 0.0,
                "y": 0.0,
                "z": 3.9264488220214845
            }
        },
        {
            "_timeSpan": {
                "x": 0.5903333425521851,
                "y": 0.7283333539962769
            },
            "_name": "LeftFootHillIK",
            "_nameHash": 0,
            "_beginMotionPos": {
                "x": 0.0,
                "y": 0.0,
                "z": 3.0233654975891115
            },
            "_endMotionPos": {
                "x": 0.0,
                "y": 0.0,
                "z": 3.7301266193389894
            }
        },
        {
            "_timeSpan": {
                "x": 0.6133333444595337,
                "y": 0.7743333578109741
            },
            "_name": "ToIdleNotMirror",
            "_nameHash": 0,
            "_beginMotionPos": {
                "x": 0.0,
                "y": 0.0,
                "z": 3.1411590576171877
            },
            "_endMotionPos": {
                "x": 0.0,
                "y": 0.0,
                "z": 3.9264488220214845
            }
        }
    ]
}