{
    "_phaseList": [
        {
            "_time": 0.4810810983181,
            "_type": 1,
            "_blend": 1,
            "_customData": 0,
            "_offPos": {
                "x": -0.05376649647951126,
                "y": -0.7746031284332275,
                "z": 0.4130091667175293
            },
            "_motionPos": {
                "x": 0.0,
                "y": 0.0,
                "z": 2.4638328552246095
            },
            "_extraTrajName": [],
            "_extraTrajPos": []
        }
    ],
    "_zoneList": [
        {
            "_timeSpan": {
                "x": 0.0,
                "y": 0.7333333492279053
            },
            "_name": "Run",
            "_nameHash": 0,
            "_beginMotionPos": {
                "x": 0.0,
                "y": 0.0,
                "z": 0.0
            },
            "_endMotionPos": {
                "x": 0.0,
                "y": 0.0,
                "z": 3.755735397338867
            }
        }
    ]
}