{
    "_phaseList": [
        {
            "_time": 0.7828125357627869,
            "_type": 2,
            "_blend": 0,
            "_customData": 0,
            "_offPos": {
                "x": 0.046805545687675479,
                "y": -0.8166254758834839,
                "z": 0.3808321952819824
            },
            "_motionPos": {
                "x": 0.0,
                "y": 0.00005964950833003968,
                "z": 3.0607874393463136
            },
            "_extraTrajName": [],
            "_extraTrajPos": []
        },
        {
            "_time": 0.8671875,
            "_type": 9,
            "_blend": 0,
            "_customData": 0,
            "_offPos": {
                "x": 0.03772074356675148,
                "y": -0.7835853695869446,
                "z": -0.028376102447509767
            },
            "_motionPos": {
                "x": 0.0,
                "y": 0.00005545010571950115,
                "z": 3.4784042835235597
            },
            "_extraTrajName": [],
            "_extraTrajPos": []
        }
    ],
    "_zoneList": [
        {
            "_timeSpan": {
                "x": 0.0,
                "y": 1.1951667070388795
            },
            "_name": "Run",
            "_nameHash": 0,
            "_beginMotionPos": {
                "x": 0.0,
                "y": 0.0,
                "z": 0.0
            },
            "_endMotionPos": {
                "x": 0.0,
                "y": 0.0,
                "z": 5.078331470489502
            }
        },
        {
            "_timeSpan": {
                "x": 0.3400000333786011,
                "y": 0.6710000038146973
            },
            "_name": "LeftJump",
            "_nameHash": 0,
            "_beginMotionPos": {
                "x": 0.0,
                "y": -0.000040285933209815994,
                "z": 1.1569366455078126
            },
            "_endMotionPos": {
                "x": 0.0,
                "y": 0.000035780445614364,
                "z": 2.5318028926849367
            }
        },
        {
            "_timeSpan": {
                "x": 0.9810003042221069,
                "y": 1.183333396911621
            },
            "_name": "LeftJump",
            "_nameHash": 0,
            "_beginMotionPos": {
                "x": 0.0,
                "y": 0.000032686108170310035,
                "z": 4.058168888092041
            },
            "_endMotionPos": {
                "x": 0.0,
                "y": 0.0,
                "z": 5.078331470489502
            }
        }
    ]
}