{
    "_phaseList": [
        {
            "_time": 0.5130000114440918,
            "_type": 8,
            "_blend": 0,
            "_customData": 0,
            "_offPos": {
                "x": -0.018002521246671678,
                "y": -0.6279940009117127,
                "z": -0.2904539108276367
            },
            "_motionPos": {
                "x": -2.0196547723116965e-7,
                "y": -2.0196547723116965e-7,
                "z": 2.8786845207214357
            },
            "_extraTrajName": [],
            "_extraTrajPos": []
        },
        {
            "_time": 0.8489795327186585,
            "_type": 8,
            "_blend": 0,
            "_customData": 0,
            "_offPos": {
                "x": -0.027938973158597947,
                "y": -0.7866826057434082,
                "z": -0.021442413330078126
            },
            "_motionPos": {
                "x": -2.230937354852358e-7,
                "y": -2.230937354852358e-7,
                "z": 4.796128749847412
            },
            "_extraTrajName": [],
            "_extraTrajPos": []
        },
        {
            "_time": 1.0959182977676392,
            "_type": 2,
            "_blend": 0,
            "_customData": 0,
            "_offPos": {
                "x": 0.05961060896515846,
                "y": -0.7717012166976929,
                "z": 0.40790605545043948
            },
            "_motionPos": {
                "x": -2.230937354852358e-7,
                "y": -2.230937354852358e-7,
                "z": 6.0403218269348148
            },
            "_extraTrajName": [],
            "_extraTrajPos": []
        }
    ],
    "_zoneList": [
        {
            "_timeSpan": {
                "x": -0.0169999897480011,
                "y": 1.1150000095367432
            },
            "_name": "Move",
            "_nameHash": 0,
            "_beginMotionPos": {
                "x": 0.0,
                "y": 0.0,
                "z": 0.0
            },
            "_endMotionPos": {
                "x": -2.230937354852358e-7,
                "y": -2.230937354852358e-7,
                "z": 6.137756824493408
            }
        },
        {
            "_timeSpan": {
                "x": 0.4819999933242798,
                "y": 0.6779999732971191
            },
            "_name": "LeftJump",
            "_nameHash": 0,
            "_beginMotionPos": {
                "x": -1.897609394063693e-7,
                "y": -1.897609394063693e-7,
                "z": 2.7047290802001955
            },
            "_endMotionPos": {
                "x": -2.230937354852358e-7,
                "y": -2.230937354852358e-7,
                "z": 3.778306245803833
            }
        },
        {
            "_timeSpan": {
                "x": 0.48499995470046999,
                "y": 1.1000001430511475
            },
            "_name": "Run",
            "_nameHash": 0,
            "_beginMotionPos": {
                "x": -1.9094201775260445e-7,
                "y": -1.9094201775260445e-7,
                "z": 2.7215633392333986
            },
            "_endMotionPos": {
                "x": -2.230937354852358e-7,
                "y": -2.230937354852358e-7,
                "z": 6.061148643493652
            }
        },
        {
            "_timeSpan": {
                "x": 0.9860000014305115,
                "y": 1.1110000610351563
            },
            "_name": "LeftJump",
            "_nameHash": 0,
            "_beginMotionPos": {
                "x": -2.230937354852358e-7,
                "y": -2.230937354852358e-7,
                "z": 5.480940818786621
            },
            "_endMotionPos": {
                "x": -2.230937354852358e-7,
                "y": -2.230937354852358e-7,
                "z": 6.117315769195557
            }
        }
    ]
}