{
    "_phaseList": [
        {
            "_time": 0.18105262517929078,
            "_type": 2,
            "_blend": 2,
            "_customData": 0,
            "_offPos": {
                "x": 0.047821249812841418,
                "y": -0.8140439987182617,
                "z": 0.38400399684906008
            },
            "_motionPos": {
                "x": 0.0,
                "y": 0.0,
                "z": 0.9272528290748596
            },
            "_extraTrajName": [],
            "_extraTrajPos": []
        }
    ],
    "_zoneList": [
        {
            "_timeSpan": {
                "x": 0.0,
                "y": 0.9000000357627869
            },
            "_name": "Run",
            "_nameHash": 0,
            "_beginMotionPos": {
                "x": 0.0,
                "y": 0.0,
                "z": 0.0
            },
            "_endMotionPos": {
                "x": 0.0,
                "y": 0.0,
                "z": 4.609309673309326
            }
        }
    ]
}