{
    "_phaseList": [
        {
            "_time": 0.026000000536441804,
            "_type": 2,
            "_blend": 0,
            "_customData": 0,
            "_offPos": {
                "x": 0.03970013186335564,
                "y": -0.8722248077392578,
                "z": 0.3154352605342865
            },
            "_motionPos": {
                "x": 0.0,
                "y": 0.0,
                "z": 0.028016116470098497
            },
            "_extraTrajName": [],
            "_extraTrajPos": []
        },
        {
            "_time": 0.36000001430511477,
            "_type": 9,
            "_blend": 0,
            "_customData": 0,
            "_offPos": {
                "x": 0.027089953422546388,
                "y": -0.9251559972763062,
                "z": -0.08456504344940186
            },
            "_motionPos": {
                "x": 0.0,
                "y": 0.0,
                "z": 0.38791540265083315
            },
            "_extraTrajName": [],
            "_extraTrajPos": []
        },
        {
            "_time": 0.6861972212791443,
            "_type": 1,
            "_blend": 0,
            "_customData": 0,
            "_offPos": {
                "x": -0.03910690173506737,
                "y": -0.8695968389511108,
                "z": 0.3279564380645752
            },
            "_motionPos": {
                "x": 0.0,
                "y": 0.0,
                "z": 0.7394068837165833
            },
            "_extraTrajName": [],
            "_extraTrajPos": []
        },
        {
            "_time": 1.004507064819336,
            "_type": 8,
            "_blend": 0,
            "_customData": 0,
            "_offPos": {
                "x": -0.028357652947306634,
                "y": -0.9255746603012085,
                "z": -0.059258103370666507
            },
            "_motionPos": {
                "x": 0.0,
                "y": 0.0,
                "z": 1.0823993682861329
            },
            "_extraTrajName": [],
            "_extraTrajPos": []
        }
    ],
    "_zoneList": [
        {
            "_timeSpan": {
                "x": -0.0133333345875144,
                "y": 0.3333333730697632
            },
            "_name": "WalkStopRightWeapon1",
            "_nameHash": 0,
            "_beginMotionPos": {
                "x": 0.0,
                "y": 0.0,
                "z": 0.0
            },
            "_endMotionPos": {
                "x": 0.0,
                "y": 0.0,
                "z": 0.3591809570789337
            }
        },
        {
            "_timeSpan": {
                "x": -0.0019999910145998,
                "y": 0.12299990653991699
            },
            "_name": "RunbsMirror",
            "_nameHash": 0,
            "_beginMotionPos": {
                "x": 0.0,
                "y": 0.0,
                "z": 0.0
            },
            "_endMotionPos": {
                "x": 0.0,
                "y": 0.0,
                "z": 0.13253767788410188
            }
        },
        {
            "_timeSpan": {
                "x": 0.0,
                "y": 1.3333334922790528
            },
            "_name": "Walk",
            "_nameHash": 0,
            "_beginMotionPos": {
                "x": 0.0,
                "y": 0.0,
                "z": 0.0
            },
            "_endMotionPos": {
                "x": 0.0,
                "y": 0.0,
                "z": 1.4367237091064454
            }
        },
        {
            "_timeSpan": {
                "x": 0.025000015273690225,
                "y": 0.5737646222114563
            },
            "_name": "RightFootHillIK",
            "_nameHash": 0,
            "_beginMotionPos": {
                "x": 0.0,
                "y": 0.0,
                "z": 0.02693858928978443
            },
            "_endMotionPos": {
                "x": 0.0,
                "y": 0.0,
                "z": 0.6182559132575989
            }
        },
        {
            "_timeSpan": {
                "x": 0.12299995869398117,
                "y": 0.7860000729560852
            },
            "_name": "Runbs",
            "_nameHash": 0,
            "_beginMotionPos": {
                "x": 0.0,
                "y": 0.0,
                "z": 0.13253773748874665
            },
            "_endMotionPos": {
                "x": 0.0,
                "y": 0.0,
                "z": 0.8469486832618713
            }
        },
        {
            "_timeSpan": {
                "x": 0.3333333730697632,
                "y": 0.6666667461395264
            },
            "_name": "WalkStopRightWeapon",
            "_nameHash": 0,
            "_beginMotionPos": {
                "x": 0.0,
                "y": 0.0,
                "z": 0.3591809570789337
            },
            "_endMotionPos": {
                "x": 0.0,
                "y": 0.0,
                "z": 0.7183619141578674
            }
        },
        {
            "_timeSpan": {
                "x": 0.6666667461395264,
                "y": 1.0000001192092896
            },
            "_name": "WalkStopLeftWeapon1",
            "_nameHash": 0,
            "_beginMotionPos": {
                "x": 0.0,
                "y": 0.0,
                "z": 0.7183619141578674
            },
            "_endMotionPos": {
                "x": 0.0,
                "y": 0.0,
                "z": 1.0775429010391236
            }
        },
        {
            "_timeSpan": {
                "x": 0.6750000715255737,
                "y": 1.3333334922790528
            },
            "_name": "LeftJump",
            "_nameHash": 0,
            "_beginMotionPos": {
                "x": 0.0,
                "y": 0.0,
                "z": 0.7273414731025696
            },
            "_endMotionPos": {
                "x": 0.0,
                "y": 0.0,
                "z": 1.4367237091064454
            }
        },
        {
            "_timeSpan": {
                "x": 0.6860001087188721,
                "y": 1.2401177883148194
            },
            "_name": "LeftFootHillIK",
            "_nameHash": 0,
            "_beginMotionPos": {
                "x": 0.0,
                "y": 0.0,
                "z": 0.7391944527626038
            },
            "_endMotionPos": {
                "x": 0.0,
                "y": 0.0,
                "z": 1.3362799882888795
            }
        },
        {
            "_timeSpan": {
                "x": 0.7870001196861267,
                "y": 1.3333334922790528
            },
            "_name": "RunbsMirror",
            "_nameHash": 0,
            "_beginMotionPos": {
                "x": 0.0,
                "y": 0.0,
                "z": 0.8480262756347656
            },
            "_endMotionPos": {
                "x": 0.0,
                "y": 0.0,
                "z": 1.4367237091064454
            }
        },
        {
            "_timeSpan": {
                "x": 1.0000001192092896,
                "y": 1.3466668128967286
            },
            "_name": "WalkStopLeftWeapon",
            "_nameHash": 0,
            "_beginMotionPos": {
                "x": 0.0,
                "y": 0.0,
                "z": 1.0775429010391236
            },
            "_endMotionPos": {
                "x": 0.0,
                "y": 0.0,
                "z": 1.4367237091064454
            }
        }
    ]
}