{
    "_phaseList": [
        {
            "_time": 0.0590163916349411,
            "_type": 2,
            "_blend": 2,
            "_customData": 0,
            "_offPos": {
                "x": 0.03912601247429848,
                "y": -0.8752219676971436,
                "z": 0.2806001603603363
            },
            "_motionPos": {
                "x": 0.0,
                "y": 0.0,
                "z": 0.06359267234802246
            },
            "_extraTrajName": [],
            "_extraTrajPos": []
        }
    ],
    "_zoneList": [
        {
            "_timeSpan": {
                "x": 0.0,
                "y": 1.0833334922790528
            },
            "_name": "Walk",
            "_nameHash": 0,
            "_beginMotionPos": {
                "x": 0.0,
                "y": 0.0,
                "z": 0.0
            },
            "_endMotionPos": {
                "x": 0.0,
                "y": 0.0,
                "z": 1.1628482341766358
            }
        }
    ]
}