{
    "_phaseList": [
        {
            "_time": 0.6495049595832825,
            "_type": 2,
            "_blend": 0,
            "_customData": 0,
            "_offPos": {
                "x": 0.04437532275915146,
                "y": -0.8153868913650513,
                "z": 0.380321741104126
            },
            "_motionPos": {
                "x": 0.0,
                "y": 0.0,
                "z": 3.478534698486328
            },
            "_extraTrajName": [],
            "_extraTrajPos": []
        },
        {
            "_time": 0.984158456325531,
            "_type": 1,
            "_blend": 0,
            "_customData": 0,
            "_offPos": {
                "x": -0.05263029783964157,
                "y": -0.7774039506912231,
                "z": 0.412351131439209
            },
            "_motionPos": {
                "x": 0.0,
                "y": 0.0,
                "z": 5.174160957336426
            },
            "_extraTrajName": [],
            "_extraTrajPos": []
        }
    ],
    "_zoneList": [
        {
            "_timeSpan": {
                "x": 0.06199997663497925,
                "y": 1.094166874885559
            },
            "_name": "Run",
            "_nameHash": 0,
            "_beginMotionPos": {
                "x": 0.0,
                "y": 0.0,
                "z": 0.33470916748046877
            },
            "_endMotionPos": {
                "x": 0.0,
                "y": 0.0,
                "z": 5.657147407531738
            }
        },
        {
            "_timeSpan": {
                "x": 0.27900001406669619,
                "y": 0.7956667542457581
            },
            "_name": "LeftJump",
            "_nameHash": 0,
            "_beginMotionPos": {
                "x": 0.0,
                "y": 0.0,
                "z": 1.5061917304992676
            },
            "_endMotionPos": {
                "x": 0.0,
                "y": 0.0,
                "z": 4.222963809967041
            }
        }
    ]
}