{
    "navMeshDatas": [
        {
            "_center": {
                "x": 266.169921875,
                "y": -17.73357391357422,
                "z": 132.90086364746095
            },
            "_size": {
                "x": 627.878662109375,
                "y": 81.75039672851563,
                "z": 314.3794250488281
            },
            "_prefabPath": "Assets/MoleRes/Rel/SRes/Build/MapEditor/NavMesh/scene_20011/block_20011/navmesh000_agent0"
        }
    ]
}