{
    "_phaseList": [
        {
            "_time": 0.026000000536441804,
            "_type": 2,
            "_blend": 0,
            "_customData": 0,
            "_offPos": {
                "x": -0.009699040092527867,
                "y": -0.7999637126922607,
                "z": 0.27591174840927126
            },
            "_motionPos": {
                "x": 0.0,
                "y": 0.0,
                "z": 0.030321722850203515
            },
            "_extraTrajName": [],
            "_extraTrajPos": []
        },
        {
            "_time": 0.27950000762939455,
            "_type": 9,
            "_blend": 0,
            "_customData": 0,
            "_offPos": {
                "x": -0.00777889508754015,
                "y": -0.8541604280471802,
                "z": -0.06623011827468872
            },
            "_motionPos": {
                "x": 0.0,
                "y": 0.0,
                "z": 0.32595905661582949
            },
            "_extraTrajName": [],
            "_extraTrajPos": []
        },
        {
            "_time": 0.6525000333786011,
            "_type": 1,
            "_blend": 0,
            "_customData": 0,
            "_offPos": {
                "x": 0.0039240512996912,
                "y": -0.7929071187973023,
                "z": 0.3134225606918335
            },
            "_motionPos": {
                "x": 0.0,
                "y": 0.0,
                "z": 0.7609595656394959
            },
            "_extraTrajName": [],
            "_extraTrajPos": []
        },
        {
            "_time": 0.9390000700950623,
            "_type": 8,
            "_blend": 0,
            "_customData": 0,
            "_offPos": {
                "x": 0.009348694235086441,
                "y": -0.8550531268119812,
                "z": -0.08136892318725586
            },
            "_motionPos": {
                "x": 0.0,
                "y": 0.0,
                "z": 1.0950795412063599
            },
            "_extraTrajName": [],
            "_extraTrajPos": []
        }
    ],
    "_zoneList": [
        {
            "_timeSpan": {
                "x": -0.0133333345875144,
                "y": 0.3333333730697632
            },
            "_name": "WalkStopRightWeapon1",
            "_nameHash": 0,
            "_beginMotionPos": {
                "x": 0.0,
                "y": 0.0,
                "z": 0.0
            },
            "_endMotionPos": {
                "x": 0.0,
                "y": 0.0,
                "z": 0.38874077796936037
            }
        },
        {
            "_timeSpan": {
                "x": -0.0019999910145998,
                "y": 0.12299990653991699
            },
            "_name": "RunbsMirror",
            "_nameHash": 0,
            "_beginMotionPos": {
                "x": 0.0,
                "y": 0.0,
                "z": 0.0
            },
            "_endMotionPos": {
                "x": 0.0,
                "y": 0.0,
                "z": 0.14344507455825807
            }
        },
        {
            "_timeSpan": {
                "x": 0.0,
                "y": 1.3333334922790528
            },
            "_name": "Walk",
            "_nameHash": 0,
            "_beginMotionPos": {
                "x": 0.0,
                "y": 0.0,
                "z": 0.0
            },
            "_endMotionPos": {
                "x": 0.0,
                "y": 0.0,
                "z": 1.5549588203430176
            }
        },
        {
            "_timeSpan": {
                "x": 0.025000015273690225,
                "y": 0.5737646222114563
            },
            "_name": "RightFootHillIK",
            "_nameHash": 0,
            "_beginMotionPos": {
                "x": 0.0,
                "y": 0.0,
                "z": 0.029155516996979715
            },
            "_endMotionPos": {
                "x": 0.0,
                "y": 0.0,
                "z": 0.6691369414329529
            }
        },
        {
            "_timeSpan": {
                "x": 0.12299995869398117,
                "y": 0.7860000729560852
            },
            "_name": "Runbs",
            "_nameHash": 0,
            "_beginMotionPos": {
                "x": 0.0,
                "y": 0.0,
                "z": 0.14344513416290284
            },
            "_endMotionPos": {
                "x": 0.0,
                "y": 0.0,
                "z": 0.916649341583252
            }
        },
        {
            "_timeSpan": {
                "x": 0.3333333730697632,
                "y": 0.6666667461395264
            },
            "_name": "WalkStopRightWeapon",
            "_nameHash": 0,
            "_beginMotionPos": {
                "x": 0.0,
                "y": 0.0,
                "z": 0.38874077796936037
            },
            "_endMotionPos": {
                "x": 0.0,
                "y": 0.0,
                "z": 0.7774810194969177
            }
        },
        {
            "_timeSpan": {
                "x": 0.6666667461395264,
                "y": 1.0000001192092896
            },
            "_name": "WalkStopLeftWeapon1",
            "_nameHash": 0,
            "_beginMotionPos": {
                "x": 0.0,
                "y": 0.0,
                "z": 0.7774810194969177
            },
            "_endMotionPos": {
                "x": 0.0,
                "y": 0.0,
                "z": 1.1662187576293946
            }
        },
        {
            "_timeSpan": {
                "x": 0.6750000715255737,
                "y": 1.3333334922790528
            },
            "_name": "LeftJump",
            "_nameHash": 0,
            "_beginMotionPos": {
                "x": 0.0,
                "y": 0.0,
                "z": 0.7871994972229004
            },
            "_endMotionPos": {
                "x": 0.0,
                "y": 0.0,
                "z": 1.5549588203430176
            }
        },
        {
            "_timeSpan": {
                "x": 0.6860001087188721,
                "y": 1.2401177883148194
            },
            "_name": "LeftFootHillIK",
            "_nameHash": 0,
            "_beginMotionPos": {
                "x": 0.0,
                "y": 0.0,
                "z": 0.8000279068946838
            },
            "_endMotionPos": {
                "x": 0.0,
                "y": 0.0,
                "z": 1.4462487697601319
            }
        },
        {
            "_timeSpan": {
                "x": 0.7870001196861267,
                "y": 1.3333334922790528
            },
            "_name": "RunbsMirror",
            "_nameHash": 0,
            "_beginMotionPos": {
                "x": 0.0,
                "y": 0.0,
                "z": 0.917815625667572
            },
            "_endMotionPos": {
                "x": 0.0,
                "y": 0.0,
                "z": 1.5549588203430176
            }
        },
        {
            "_timeSpan": {
                "x": 1.0000001192092896,
                "y": 1.3466668128967286
            },
            "_name": "WalkStopLeftWeapon",
            "_nameHash": 0,
            "_beginMotionPos": {
                "x": 0.0,
                "y": 0.0,
                "z": 1.1662187576293946
            },
            "_endMotionPos": {
                "x": 0.0,
                "y": 0.0,
                "z": 1.5549588203430176
            }
        }
    ]
}