{
    "_phaseList": [
        {
            "_time": 0.18000000715255738,
            "_type": 2,
            "_blend": 0,
            "_customData": 0,
            "_offPos": {
                "x": -0.018320392817258836,
                "y": -0.7638180255889893,
                "z": 0.34746599197387698
            },
            "_motionPos": {
                "x": 0.0,
                "y": 0.0,
                "z": 0.9965777397155762
            },
            "_extraTrajName": [],
            "_extraTrajPos": []
        },
        {
            "_time": 0.2590909004211426,
            "_type": 9,
            "_blend": 2,
            "_customData": 0,
            "_offPos": {
                "x": -0.02053121104836464,
                "y": -0.7271772027015686,
                "z": -0.05066967010498047
            },
            "_motionPos": {
                "x": 0.0,
                "y": 0.0,
                "z": 1.4344677925109864
            },
            "_extraTrajName": [],
            "_extraTrajPos": []
        },
        {
            "_time": 0.5139999985694885,
            "_type": 1,
            "_blend": 0,
            "_customData": 0,
            "_offPos": {
                "x": 0.02239818684756756,
                "y": -0.7677297592163086,
                "z": 0.33798933029174807
            },
            "_motionPos": {
                "x": 0.0,
                "y": 0.0,
                "z": 2.8457822799682619
            },
            "_extraTrajName": [],
            "_extraTrajPos": []
        },
        {
            "_time": 0.5788135528564453,
            "_type": 8,
            "_blend": 2,
            "_customData": 0,
            "_offPos": {
                "x": 0.02014051005244255,
                "y": -0.7232905626296997,
                "z": 0.009839296340942383
            },
            "_motionPos": {
                "x": 0.0,
                "y": 0.0,
                "z": 3.204625129699707
            },
            "_extraTrajName": [],
            "_extraTrajPos": []
        }
    ],
    "_zoneList": [
        {
            "_timeSpan": {
                "x": -0.005999995395541191,
                "y": 0.05699997767806053
            },
            "_name": "LeftJump",
            "_nameHash": 0,
            "_beginMotionPos": {
                "x": 0.0,
                "y": 0.0,
                "z": 0.0
            },
            "_endMotionPos": {
                "x": 0.0,
                "y": 0.0,
                "z": 0.31558290123939516
            }
        },
        {
            "_timeSpan": {
                "x": -0.003999987151473761,
                "y": 0.0690000057220459
            },
            "_name": "ToIdleMirror",
            "_nameHash": 0,
            "_beginMotionPos": {
                "x": 0.0,
                "y": 0.0,
                "z": 0.0
            },
            "_endMotionPos": {
                "x": 0.0,
                "y": 0.0,
                "z": 0.38202154636383059
            }
        },
        {
            "_timeSpan": {
                "x": -0.0020000264048576357,
                "y": 0.6849998831748962
            },
            "_name": "Move",
            "_nameHash": 0,
            "_beginMotionPos": {
                "x": 0.0,
                "y": 0.0,
                "z": 0.0
            },
            "_endMotionPos": {
                "x": 0.0,
                "y": 0.0,
                "z": 3.691028118133545
            }
        },
        {
            "_timeSpan": {
                "x": -0.001999989151954651,
                "y": 0.6859999895095825
            },
            "_name": "Steerable",
            "_nameHash": 0,
            "_beginMotionPos": {
                "x": 0.0,
                "y": 0.0,
                "z": 0.0
            },
            "_endMotionPos": {
                "x": 0.0,
                "y": 0.0,
                "z": 3.691028118133545
            }
        },
        {
            "_timeSpan": {
                "x": 2.9802322387695315e-8,
                "y": 0.6870000958442688
            },
            "_name": "Run",
            "_nameHash": 0,
            "_beginMotionPos": {
                "x": 0.0,
                "y": 0.0,
                "z": 1.650018930376973e-7
            },
            "_endMotionPos": {
                "x": 0.0,
                "y": 0.0,
                "z": 3.691028118133545
            }
        },
        {
            "_timeSpan": {
                "x": 0.07000001519918442,
                "y": 0.4009999930858612
            },
            "_name": "ToIdleNotMirror",
            "_nameHash": 0,
            "_beginMotionPos": {
                "x": 0.0,
                "y": 0.0,
                "z": 0.3875581622123718
            },
            "_endMotionPos": {
                "x": 0.0,
                "y": 0.0,
                "z": 2.220153331756592
            }
        },
        {
            "_timeSpan": {
                "x": 0.18050846457481385,
                "y": 0.295244961977005
            },
            "_name": "RightFootHillIK",
            "_nameHash": 0,
            "_beginMotionPos": {
                "x": 0.0,
                "y": 0.0,
                "z": 0.9993928670883179
            },
            "_endMotionPos": {
                "x": 0.0,
                "y": 0.0,
                "z": 1.6346361637115479
            }
        },
        {
            "_timeSpan": {
                "x": 0.4010000228881836,
                "y": 0.6910000443458557
            },
            "_name": "LeftJump",
            "_nameHash": 0,
            "_beginMotionPos": {
                "x": 0.0,
                "y": 0.0,
                "z": 2.220153331756592
            },
            "_endMotionPos": {
                "x": 0.0,
                "y": 0.0,
                "z": 3.691028118133545
            }
        },
        {
            "_timeSpan": {
                "x": 0.4020000100135803,
                "y": 0.6950000524520874
            },
            "_name": "ToIdleMirror",
            "_nameHash": 0,
            "_beginMotionPos": {
                "x": 0.0,
                "y": 0.0,
                "z": 2.2256898880004885
            },
            "_endMotionPos": {
                "x": 0.0,
                "y": 0.0,
                "z": 3.691028118133545
            }
        },
        {
            "_timeSpan": {
                "x": 0.5137795805931091,
                "y": 0.6246151924133301
            },
            "_name": "LeftFootHillIK",
            "_nameHash": 0,
            "_beginMotionPos": {
                "x": 0.0,
                "y": 0.0,
                "z": 2.84456205368042
            },
            "_endMotionPos": {
                "x": 0.0,
                "y": 0.0,
                "z": 3.4582083225250246
            }
        }
    ]
}